datetime,Close,SMA_20,EMA_20,RSI_14,MACD_line,MACD_signal,MACD_histogram,Bollinger_Middle,Bollinger_Upper,Bollinger_Lower
2023-12-14 00:00:00,42931.76182603245,,42931.76182603245,,0.0,0.0,0.0,42931.76182603245,,
2023-12-15 00:00:00,43009.5954563739,,42939.17455273164,100.0,6.208950568543514,1.2417901137087028,4.967160454834811,42970.67864120318,43080.75201684079,42860.60526556557
2023-12-16 00:00:00,41992.01418722399,,42848.968803635675,7.1054018324553,-70.17181846883614,-13.040931602800265,-57.13088686603587,42644.457156543445,43777.19876814572,41511.71554494117
2023-12-17 00:00:00,42247.06788172229,,42791.64490631059,24.649764261181616,-108.86845882624766,-32.20643704748974,-76.66202177875792,42545.10983783816,43551.748108608626,41538.47156706769
2023-12-18 00:00:00,41410.819634575855,,42660.13773757395,15.223156404045213,-204.6549351313297,-66.69613666425774,-137.95879846707197,42318.2517971857,43655.89220787472,40980.61138649668
2023-12-19 00:00:00,42684.182554683386,,42662.4277201558,46.42234733831567,-175.7902612862017,-88.51496158864654,-87.27529969755517,42379.240256768644,43612.405171734135,41146.07534180315
2023-12-20 00:00:00,42250.20618279751,,42623.16852612168,41.24876966414961,-185.79137826697115,-107.97024492431146,-77.82113334265969,42360.80681762991,43490.74513006811,41230.86850519171
2023-12-21 00:00:00,43634.1241684964,,42719.45001587165,56.65371150607174,-81.11171461192134,-102.59853886183345,21.486824249912104,42519.971486488226,43900.20145208691,41139.74152088954
2023-12-22 00:00:00,43849.69959939619,,42827.09283335017,58.35468730239413,19.023517378904216,-78.27412761368592,97.29764499259014,42667.719054589106,44233.84861272426,41101.589496453955
2023-12-23 00:00:00,44003.6960216438,,42939.15027985433,59.49026533763953,109.54486937575712,-40.71032821579731,150.25519759155443,42801.31675129458,44502.54174739851,41100.09175519065
2023-12-24 00:00:00,43752.03088478376,,43016.5674803238,56.952362304196136,159.14193059954414,-0.7398764527290211,159.88180705227316,42887.74530888451,44600.46981784186,41175.02079992715
2023-12-25 00:00:00,43034.97106309152,,43018.320202492156,50.7799653168891,138.98509044786624,27.205116927390034,111.7799735204762,42900.01412173509,44535.24357424012,41264.78466923006
2023-12-26 00:00:00,43638.23630220092,,43077.35983103585,54.89279684711344,169.7325414209772,55.71060182610748,114.02193959486974,42956.80044330939,44575.07970557463,41338.52118104415
2023-12-27 00:00:00,42516.42694028252,,43023.93765096411,47.51038436078034,102.39908477768768,65.04829841642352,37.350786361264156,42925.34519309318,44497.8551979996,41352.83518818676
2023-12-28 00:00:00,43418.46777504291,,43061.51194849543,52.632725333131475,120.43568437107024,76.12577560735286,44.309908763717374,42958.22003188983,44494.776351429944,41421.66371234972
2023-12-29 00:00:00,42600.65063315619,,43017.62039465359,47.95186981840391,67.95546265559096,74.49171301700048,-6.536250361409515,42935.87194446898,44431.05385212161,41440.69003681635
2023-12-30 00:00:00,42074.70715618848,,42927.819133847384,50.43560526265407,-15.891546397047932,56.41506113419079,-72.30660753123873,42885.21519221718,44391.980311179854,41378.45007325451
2023-12-31 00:00:00,42220.61140121376,,42860.466016453705,49.859012803114396,-69.76346218957042,31.179356469438556,-100.94281865900898,42848.29275938366,44343.26660570789,41353.318913059426
2024-01-01 00:00:00,42208.20217618648,,42798.34565071396,54.65829202021067,-112.16568810112221,2.5103475553264047,-114.67603565644862,42814.60378132065,44296.84501690909,41332.36254573221
2024-01-02 00:00:00,44168.68118687473,42882.307651598356,42928.85379701499,58.027910219327026,12.282924223662121,4.464862888993548,7.818061334668573,42882.307651598356,44446.951562752096,41317.663740444616
2024-01-03 00:00:00,44994.67388689237,42985.45325464135,43125.5985674795,64.23792801834594,175.53657747984107,38.67920580716306,136.85737167267803,42985.45325464135,44813.61829898579,41157.2882102969
2024-01-04 00:00:00,42821.558989158,42976.05143128055,43096.642417163166,46.10357967361835,128.08754955666518,56.560874557063485,71.5266749996017,42976.05143128055,44805.62721692208,41146.475645639024
2024-01-05 00:00:00,44195.57856209971,43086.22965002434,43201.30300239522,51.49272130069749,199.0610970360649,85.06091905286377,114.00017798320113,43086.22965002434,44931.62410026099,41240.83519978769
2024-01-06 00:00:00,44113.69973389081,43179.561242632764,43288.197929204325,50.477720382739406,245.86700580768957,117.22213640382893,128.64486940386064,43179.561242632764,45035.04074041987,41324.08174484566
2024-01-07 00:00:00,43956.12071720152,43306.82629676405,43351.8096232993,50.8936169179237,267.1659927639921,147.21090767586156,119.95508508813055,43306.82629676405,44992.9298493856,41620.7227441425
2024-01-08 00:00:00,43883.74387905174,43366.80436298247,43402.47002860905,53.93875606543723,275.0349556521396,172.77571727111717,102.25923838102244,43366.80436298247,45044.97322418859,41688.63550177635
2024-01-09 00:00:00,46936.18556121751,43601.10333190347,43739.01436504795,62.469742264348156,521.565417396494,242.53365729619253,279.0317601003015,43601.10333190347,45838.251961532915,41363.95470227402
2024-01-10 00:00:00,46105.94607828697,43724.69442739299,43964.436432975475,63.87818345347443,642.5423683596237,322.53539950887875,320.0069688507449,43724.69442739299,46226.92976860192,41222.45908618406
2024-01-11 00:00:00,46632.31314804979,43863.82510482568,44218.51992964922,62.79747222563292,771.9918555242548,412.426690711954,359.5651648123008,43863.82510482568,46684.50387762991,41043.146332021446
2024-01-12 00:00:00,46314.35554160269,43979.35808082362,44418.12332126384,65.40099605748149,839.250626372268,497.7914778440168,341.4591485282512,43979.35808082362,47005.93038866263,40952.785772984615
2024-01-13 00:00:00,42893.92960550481,43936.45301685967,44272.96201500108,52.73965705190782,609.5276442268951,520.1387111205925,89.3889331063026,43936.45301685967,47000.68899512806,40872.217038591276
2024-01-14 00:00:00,42848.47451640749,43927.128189525465,44137.29653894455,52.11391231645851,418.97301983484795,499.9055728634436,-80.93255302859563,43927.128189525465,47004.02387652881,40850.23250252212
2024-01-15 00:00:00,41800.93282193406,43835.26301551213,43914.78570875308,48.71813955111228,181.33888526957162,436.1922353446692,-254.85335007509758,43835.26301551213,47054.87651277998,40615.64951824428
2024-01-16 00:00:00,42587.336038354406,43838.80847041572,43788.361930619874,44.625586831324654,55.82477562069107,360.1187433998736,-304.29396777918254,43838.80847041572,47052.45762864791,40625.15931218353
2024-01-17 00:00:00,43148.00164342693,43825.28516383492,43727.3752366015,43.60856774617136,1.5767918204219313,288.4103530839833,-286.83356126356136,43825.28516383492,47048.64364475904,40601.926682910795
2024-01-18 00:00:00,42713.859186938986,43830.94559152406,43630.84989853841,49.57623508846699,-75.57560559843114,215.61316134750044,-291.18876694593155,43830.94559152406,47045.63512120518,40616.25606184294
2024-01-19 00:00:00,41261.39479801012,43790.27997361515,43405.1875080119,38.52573993771884,-251.02748525028437,122.28503202794347,-373.31251727822786,43790.27997361515,47117.13183329608,40463.42811393422
2024-01-20 00:00:00,41600.94093254464,43759.29645018169,43233.35450082454,40.36785241944243,-358.54277070980606,26.11947148039357,-384.66224219019966,43759.29645018169,47158.4566279572,40360.13627240618
2024-01-21 00:00:00,41626.10711003664,43730.19169687419,43080.283320749506,40.97676899827042,-436.68487740141427,-66.441398295968,-370.2434791054463,43730.19169687419,47194.61353435653,40265.769859391854
2024-01-22 00:00:00,41541.89945706261,43598.8526103836,42933.77057182694,40.93925544425406,-499.64827943519776,-153.08277452381395,-346.5655049113838,43598.8526103836,47190.12534927631,40007.57987149088
2024-01-23 00:00:00,39504.73005758438,43324.355418918196,42607.19528475622,18.79572416490724,-705.7938225318867,-263.6249841254285,-442.1688384064582,43324.355418918196,47286.503632974964,39362.20720486143
2024-01-24 00:00:00,39833.45410501688,43174.950174711135,42343.029458114375,22.50411217063889,-833.037628040016,-377.50751290834603,-455.53011513166996,43174.950174711135,47431.35307725974,38918.547272162534
2024-01-25 00:00:00,40123.67105847147,42971.35479952973,42131.66199148171,20.865748568323042,-900.0855519882971,-482.0231207243363,-418.0624312639608,42971.35479952973,47407.92975470135,38534.779844358105
2024-01-26 00:00:00,39938.28644155878,42762.58413491312,41922.76908196525,21.1163697521108,-957.1471079751354,-577.0479181744962,-380.09918980063924,42762.58413491312,47362.76800396242,38162.40026586383
2024-01-27 00:00:00,41862.9356109399,42657.92487960005,41917.07065615331,44.59745098007804,-837.4125288349896,-629.1208403065949,-208.29168852839473,42657.92487960005,47238.979732544634,38076.87002665546
2024-01-28 00:00:00,42119.61049464309,42569.71821037961,41936.3601645809,46.26336880780283,-713.5847336139923,-646.0136189680744,-67.57111464591787,42569.71821037961,47119.22006315078,38020.216357608435
2024-01-29 00:00:00,42026.57856232145,42324.237860434805,41944.95239293715,51.28230442121556,-615.857985707371,-639.9824923159338,24.124506608562797,42324.237860434805,46385.32652111184,38263.14919975777
2024-01-30 00:00:00,43267.60927638767,42182.32102033984,42070.91971517053,53.67593098418514,-433.2735195791538,-598.6406977685778,165.36717818942395,42182.32102033984,45867.995137508515,38496.64690317117
2024-01-31 00:00:00,42892.03453014447,41995.30708944457,42149.12112612042,48.588621606564885,-315.245800579818,-541.9617183308258,226.71591775100774,41995.30708944457,45057.0128124443,38933.60136644484
2024-02-01 00:00:00,42583.26354663417,41808.752489696155,42190.468023312205,49.26981264970882,-243.81269975689065,-482.3319146160388,238.51921485914812,41808.752489696155,44126.74436459222,39490.76061480009
2024-02-02 00:00:00,43069.0434209368,41817.50818046775,42274.141870705025,61.33190259986059,-146.31643193407945,-415.1288180796469,268.8123861455675,41817.50818046775,44154.00806811682,39481.008292818675
2024-02-03 00:00:00,43170.65856159975,41833.61738272736,42359.524412695,60.14292053028701,-60.156992282871215,-344.13445292029184,283.9774606374206,41833.61738272736,44204.2395499561,39462.99521549862
2024-02-04 00:00:00,42976.84829990829,41892.41315662607,42418.31716385817,58.541815016329195,-7.428255685001204,-276.7932134732337,269.3649577882325,41892.41315662607,44317.33007208869,39467.49624116345
2024-02-05 00:00:00,42599.35997055978,41893.014353236336,42435.55933592499,56.44799203995739,3.8550558973220177,-220.66355959912258,224.5186154964446,41893.014353236336,44318.6625457253,39467.36616074737
2024-02-06 00:00:00,42648.45692113544,41868.03711712177,42455.835296421224,75.30427787410804,16.567890876431193,-173.21726950401182,189.78516038044302,41868.03711712177,44249.15258365462,39486.92165058892
2024-02-07 00:00:00,43087.78740814285,41886.733528181954,42516.02121182328,75.73631034858519,61.385588004523015,-126.29669800230485,187.68228600682787,41886.733528181954,44301.44768982096,39472.01936654295
2024-02-08 00:00:00,44247.415415479314,42036.03455905542,42680.91589788576,78.66950177709533,188.30555542226648,-63.37624731739059,251.6818027396571,42036.03455905542,44649.05724031369,39423.01187779715
2024-02-09 00:00:00,45338.27118978949,42222.90107191766,42933.997354257546,83.34420055960851,372.6181779261824,23.822637731324,348.7955401948584,42222.90107191766,45212.340174724464,39233.46196911085
2024-02-10 00:00:00,47143.24299107112,42498.75786596939,43334.877891096934,83.09433753348142,656.7626477630984,150.41063973767888,506.3520080254195,42498.75786596939,46191.74428724092,38805.77144469786
2024-02-11 00:00:00,47768.995251247936,42810.11265567865,43757.174782539885,83.84187484707022,921.8160434868914,304.6917204875214,617.12432299937,42810.11265567865,47155.762491223206,38464.46282013409
2024-02-12 00:00:00,48189.88179303987,43244.37024245142,44179.33735496846,85.52503288595905,1152.5489290147234,474.26316219296183,678.2857668217616,43244.37024245142,47922.35818511665,38566.382299786186
2024-02-13 00:00:00,50050.13609456397,43755.20434192878,44738.46104445375,86.48946359835017,1468.584451085284,673.1274199714262,795.4570311138577,43755.20434192878,49054.89715435856,38455.511529499
2024-02-14 00:00:00,49732.14536955351,44235.628057482885,45214.050027796584,87.02868905425197,1674.0878427228163,873.3195045217043,800.768338201112,44235.628057482885,49880.03254676678,38591.22356819899
2024-02-15 00:00:00,51790.16929752642,44828.22220028126,45840.34710110419,91.90486932531482,1980.1896983144761,1094.6935432802588,885.4961550342173,44828.22220028126,51033.691378956435,38622.75302160609
2024-02-16 00:00:00,51958.23029105492,45332.986934287015,46423.002643004256,91.66377142555818,2210.853400061613,1317.9255146365297,892.9278854250831,45332.986934287015,52136.40122866069,38529.57263991334
2024-02-17 00:00:00,52166.43430976192,45835.32812504296,46969.99613507641,91.74624033455343,2382.986781554522,1530.9377680201283,852.0490135343939,45835.32812504296,53107.248167466314,38563.4080826196
2024-02-18 00:00:00,51684.51749264525,46318.22507155915,47418.99816913059,89.35683589464908,2452.249066184333,1715.2000276529693,737.0490385313637,46318.22507155915,53804.725962441145,38831.724180677156
2024-02-19 00:00:00,52138.48578873693,46761.76889717661,47868.473180521665,92.81881869080998,2514.782525725728,1875.1165272675212,639.665998458207,46761.76889717661,54532.98582592479,38990.55196842843
2024-02-20 00:00:00,51764.313185487765,47205.382829943774,48239.50556194701,89.7585620211489,2505.268959856796,2001.1470137853762,504.12194607141964,47205.382829943774,55058.98875318047,39351.77690670708
2024-02-21 00:00:00,52286.79372554667,47690.5593388894,48624.96157752792,89.8323096460133,2510.944597088317,2103.1065304459644,407.8380666423527,47690.5593388894,55540.79800253958,39840.320675239214
2024-02-22 00:00:00,51842.75676625642,48129.24500615538,48931.418262168736,85.06111049415898,2451.354816433588,2172.7561876434893,278.5986287900987,48129.24500615538,55871.923794804374,40386.56621750639
2024-02-23 00:00:00,51319.500125702674,48536.68708436053,49158.85463012435,79.13699665441456,2334.990728452707,2205.203095805333,129.78763264737427,48536.68708436053,56034.44917395487,41038.92499476619
2024-02-24 00:00:00,50841.081094770896,48929.89872410365,49319.0666743764,70.68738288587045,2179.048221402438,2199.972120924754,-20.923899522316333,48929.89872410365,56013.37377443664,41846.42367377067
2024-02-25 00:00:00,51553.096712831146,49377.58556121723,49531.83143994352,70.96760146800042,2088.8375518333632,2177.7452071064763,-88.90765527311305,49377.58556121723,55884.76646819628,42870.404654238184
2024-02-26 00:00:00,51751.88405493456,49832.75691790718,49743.26502232362,70.23499814515529,2010.2129399816986,2144.238753681521,-134.02581369982227,49832.75691790718,55588.1876301303,44077.32620568406
2024-02-27 00:00:00,54478.19108312296,50402.27710165619,50194.21036144737,72.90142548144256,2143.187232774122,2144.0284495000415,-0.8412167259193666,50402.27710165619,55571.86525275598,45232.688950556396
2024-02-28 00:00:00,57003.52673730811,51040.08266774762,50842.716682957915,80.61638006253261,2424.396862130263,2200.1021320260857,224.29473010417723,51040.08266774762,56159.71060283989,45920.45473265535
2024-02-29 00:00:00,62558.58202419311,51901.09820946781,51958.51338212317,85.02602438733574,3060.2276560254104,2372.1272368259506,688.1004191994598,51901.09820946781,58547.6409823849,45254.55543655072
2024-03-01 00:00:00,61298.21686110162,52608.84690296933,52848.00895154969,78.36432359066104,3422.9693458558977,2582.29565863194,840.6736872239576,52608.84690296933,60084.97043921352,45132.72336672514
2024-03-02 00:00:00,62426.64052919186,53341.729166866535,53760.2595779918,79.50956952857891,3758.1771806891993,2817.471963043392,940.7052176458074,53341.729166866535,61647.86626745414,45035.59206627893
2024-03-03 00:00:00,62067.86680212177,54035.62841732063,54551.46026600418,80.07679208672974,3949.356045357119,3043.8487795061374,905.5072658509816,54035.62841732063,62833.781483743136,45237.47535089812
2024-03-04 00:00:00,63053.10543906421,54685.776884545645,55361.140758676556,80.67167811052255,4132.727684777739,3261.624560560458,871.1031242172812,54685.776884545645,64141.07330896937,45230.48046012192
2024-03-05 00:00:00,68186.64593432152,55608.50191278403,56582.617442071314,86.40986760849285,4638.81151374858,3537.0619511980826,1101.7495625504976,55608.50191278403,66518.36288066937,44698.64094489868
2024-03-06 00:00:00,64291.536557569496,56233.570275786195,57316.800214975905,73.15313043497228,4671.731013358061,3763.9957636300787,907.7352497279826,56233.570275786195,67643.35631208046,44823.78423949192
2024-03-07 00:00:00,66145.91927850846,56942.95472515887,58157.6686972171,76.1627164370523,4792.211510581612,3969.6389130203856,822.5725975612263,56942.95472515887,68980.4565419424,44905.45290837534
2024-03-08 00:00:00,66944.87639053575,57681.87682919756,58994.54562039031,78.29586015326629,4895.727436025816,4154.856617621472,740.8708184043444,57681.87682919756,70285.84495667701,45077.9087017181
2024-03-09 00:00:00,68315.25192078314,58513.41355060445,59882.23193471343,80.65357112968576,5030.355597279318,4329.956413553041,700.3991837262774,58513.41355060445,71635.16199073335,45391.665110475544
2024-03-10 00:00:00,68508.0039626159,59331.889459298414,60703.7340326089,80.2945763512052,5093.883742940037,4482.74187943044,611.141863509597,59331.889459298414,72816.46479848321,45847.31412011362
2024-03-11 00:00:00,69075.66688195744,60197.45714412189,61501.060970642095,80.55095254694797,5130.890201135197,4612.371543771392,518.5186573638048,60197.45714412189,73857.9977578626,46536.916530381175
2024-03-12 00:00:00,72130.55300765681,61189.645108227385,62513.39354559588,80.77376841798787,5345.106801473397,4758.918595311793,586.1882061616043,61189.645108227385,75305.93430958246,47073.355906872304
2024-03-13 00:00:00,71467.17350326062,62170.8659450776,63366.134493944905,76.96539664363799,5399.108259490538,4886.9565281475425,512.1517313429958,62170.8659450776,76279.75139098652,48061.980499168676
2024-03-14 00:00:00,73097.76702694128,63259.77929013954,64292.95663994456,73.01690880339193,5509.9646315127975,5011.5581488205935,498.406482692204,63259.77929013954,77203.03619384763,49316.52238643145
2024-03-15 00:00:00,71420.03180142345,64288.72682547216,64971.72570294255,71.7096284596137,5400.18986645744,5089.284492347962,310.90537410947763,64288.72682547216,77384.80464501909,51192.649005925225
2024-03-16 00:00:00,69497.7631929463,65185.96014947791,65402.77689246672,64.66693707960167,5099.300006362246,5091.2875951508195,8.012411211426297,65185.96014947791,77004.7381651414,53367.18213381442
2024-03-17 00:00:00,65292.31329331289,65862.98161139684,65392.25654969016,55.76775941879324,4469.970921629021,4967.02426044646,-497.053338817439,65862.98161139684,75851.04227085703,55874.92095193666
2024-03-18 00:00:00,68425.41565643054,66560.34284006222,65681.1288455702,58.92404540502102,4175.901075985545,4808.799623554277,-632.8985475687323,66560.34284006222,75034.36256537343,58086.32311475101
2024-03-19 00:00:00,67708.94360930806,67095.61368366222,65874.25406116428,49.07000747020393,3840.761391725362,4615.191977188494,-774.430585463132,67095.61368366222,74282.57631175578,59908.651055568655
2024-03-20 00:00:00,62132.51737873437,67074.31045138928,65517.898186647144,46.05506475763898,3089.575086327881,4310.068599016372,-1220.4935126884911,67074.31045138928,74320.18249919433,59828.43840358422
2024-03-21 00:00:00,67819.05570684028,67400.3523936762,65737.05604571315,52.681600650880654,2919.456963414348,4031.946271895967,-1112.489308481619,67400.3523936762,74119.57798504613,60681.12680230629
2024-03-22 00:00:00,65535.97844847657,67555.81928964044,65717.90579835729,47.84445085812036,2570.7775477759787,3739.71252707197,-1168.934979295991,67555.81928964044,73925.28007791482,61186.35850136604
2024-03-23 00:00:00,63509.04496523133,67627.87819779592,65507.53809996434,42.791542520185835,2106.606359677622,3413.0912935931,-1306.484933915478,67627.87819779592,73764.26760741882,61491.48878817302
2024-03-24 00:00:00,64285.80279102199,67689.51306539381,65391.18235625554,43.77647194404122,1780.8961515761403,3086.6522651897085,-1305.7561136135682,67689.51306539381,73654.80745136162,61724.218679426
2024-03-25 00:00:00,67310.98326810106,67645.72993208279,65574.02053833606,47.5745714947171,1746.739916601793,2818.6697954721258,-1071.9298788703327,67645.72993208279,73608.5146178395,61682.945246326075
2024-03-26 00:00:00,69938.94530200244,67928.10036930443,65989.72765868524,46.95202601341604,1909.7114626555995,2636.8781289088206,-727.1666662532211,67928.10036930443,73755.42020109082,62100.78053751804
2024-03-27 00:00:00,70082.05122475982,68124.90696661701,66379.47276021614,48.04535760121775,2027.048485878906,2514.912200302838,-487.8637144239319,68124.90696661701,73964.65364671382,62285.1602865202
2024-03-28 00:00:00,69435.75040305211,68249.45066724283,66670.54682143862,44.684611704025976,2044.3221737281274,2420.794194987896,-376.47202125976855,68249.45066724283,74089.47881792534,62409.422516560306
2024-03-29 00:00:00,70710.19534863312,68369.19783863531,67055.2752526,48.95747263737886,2136.2236949244107,2363.880094975199,-227.6564000507883,68369.19783863531,74312.21335327669,62426.18232399394
2024-03-30 00:00:00,69919.05546148612,68439.75041357883,67328.01622487487,50.64001102460263,2120.7710074861097,2315.258277477381,-194.4872699912712,68439.75041357883,74423.07015536194,62456.43067179573
2024-03-31 00:00:00,69702.3087473573,68471.08250684882,67554.13932225415,57.62336941388922,2067.2055343491375,2265.6477288517326,-198.44219450259516,68471.08250684882,74474.95102585202,62467.213987845615
2024-04-01 00:00:00,71246.95144060145,68426.90242849606,67905.83571447771,55.160893675749435,2124.899745633389,2237.498132208064,-112.5983865746748,68426.90242849606,74329.53811228205,62524.26674471006
2024-04-02 00:00:00,69785.92503802372,68342.8400052342,68084.89184052972,53.69829147898088,2029.3372665691713,2195.8659590802854,-166.52869251111406,68342.8400052342,74109.48871728082,62576.191293187585
2024-04-03 00:00:00,65440.41922587159,67959.97261518073,67833.03730580038,56.16011243116974,1584.6899915002286,2073.630765564274,-488.9407740640454,67959.97261518073,73405.21378484527,62514.73144551618
2024-04-04 00:00:00,66123.938539074,67695.16795206326,67670.26599468358,46.12036412245652,1272.786231271486,1913.4618587057166,-640.6756274342306,67695.16795206326,72943.46944160288,62446.86646252364
2024-04-05 00:00:00,68542.17715279506,67647.3886500557,67753.30515259896,56.838018396991714,1206.8204255626479,1772.133572077103,-565.3131465144552,67647.3886500557,72843.73540814413,62451.041891967274
2024-04-06 00:00:00,67978.61023408506,67781.7034970943,67774.76277940716,60.891741701186675,1096.4279697334132,1636.9924516083652,-540.564481874952,67781.7034970943,72859.25183800796,62704.155156180655
2024-04-07 00:00:00,69000.6499164776,67810.46521009665,67891.51393531862,61.35373428689294,1078.973479348846,1525.3886571564615,-446.41517780761546,67810.46521009665,72909.83631248811,62711.09410770518
2024-04-08 00:00:00,69401.97360911008,67895.11671008675,68035.36723758448,55.76361814419671,1085.016740376086,1437.3142738003864,-352.29753342430035,67895.11671008675,73043.36744232052,62746.86597785297
2024-04-09 00:00:00,71624.18486236996,68369.70008426854,68377.15939232595,54.751486866986475,1254.6570392714057,1400.7828268945902,-146.12578762318458,68369.70008426854,73005.71736907616,63733.68279946092
2024-04-10 00:00:00,69158.64381207665,68436.67948953035,68451.58647992126,47.69795571470594,1176.5866820945375,1355.9435979345799,-179.35691584004235,68436.67948953035,73077.90472294462,63795.454256116085
2024-04-11 00:00:00,70527.88997578963,68686.27506589601,68649.32967000396,52.62796434210509,1211.2396668009314,1327.0028117078502,-115.7631449069188,68686.27506589601,73206.00377580375,64166.54635598828
2024-04-12 00:00:00,70106.66413070948,69016.15602416992,68788.1234281664,48.485566585995244,1190.984078381589,1299.799065042598,-108.81498666100902,69016.15602416992,72856.93762775585,65175.374420584
2024-04-13 00:00:00,67252.10504226631,69164.47113673213,68641.83596284258,43.93582535524943,933.8277319278714,1226.6047984196525,-292.77706649178117,69164.47113673213,72420.7461317379,65908.19614172635
2024-04-14 00:00:00,64404.82548907413,69019.16324778079,68238.31115581702,39.24147204888627,494.5766387886688,1080.1991664934558,-585.622527704787,69019.16324778079,72834.98417111402,65203.34232444755
2024-04-15 00:00:00,65752.66004728881,68809.8489850451,68001.58247881434,38.751863285629355,252.3174093344569,914.6228150616561,-662.3054057271992,68809.8489850451,72864.99825700372,64754.699713086484
2024-04-16 00:00:00,63430.5714573684,68477.27499667552,67566.24809581948,37.43215412415907,-125.60007857157325,706.5782363350103,-832.1783149065835,68477.27499667552,73138.78905410357,63815.76093924746
2024-04-17 00:00:00,63720.501587480736,68191.51255589696,67199.98652359674,45.949056278739725,-397.12960910356196,485.8366672472958,-882.9662763508577,68191.51255589696,73286.21884714098,63096.80626465294
2024-04-18 00:00:00,61328.89798860725,67722.44768789566,66640.83523455012,39.54722583298202,-796.1239202954021,229.44454973875622,-1025.5684700341583,67722.44768789566,73519.76887694199,61925.12649884934
2024-04-19 00:00:00,63461.59269510717,67399.57454957672,66338.05023079365,38.785148619377985,-929.5241713340947,-2.349194475813988,-927.1749768582807,67399.57454957672,73397.59685332423,61401.55224582921
2024-04-20 00:00:00,63988.818471785664,67113.90003579813,66114.31387279289,41.17880522618449,-981.3892727680213,-198.15721013425545,-783.2320626337658,67113.90003579813,73193.8197647057,61033.98030689057
2024-04-21 00:00:00,64894.41869109179,66796.27339832266,65998.13337929755,40.87437827902082,-938.5987874765269,-346.2455256027098,-592.3532618738171,66796.27339832266,72625.63670165051,60966.910094994826
2024-04-22 00:00:00,64936.4207567739,66553.79818426016,65897.01789143815,39.914756177208,-891.0266038749178,-455.2017412571514,-435.82486261776637,66553.79818426016,72261.72736563759,60845.869002882726
2024-04-23 00:00:00,66841.66685207361,66623.86056557027,65986.98445911772,39.042019433853085,-691.6153572243929,-502.4844644505997,-189.13089277379322,66623.86056557027,72308.59996583953,60939.12116530102
2024-04-24 00:00:00,66406.95244392671,66638.0112608129,66026.98141005191,43.048212576169355,-562.1778904731618,-514.4231496551122,-47.75474081804964,66638.0112608129,72318.91865663893,60957.10386498687
2024-04-25 00:00:00,64279.51812857524,66424.8783096019,65860.55633562556,34.79673371576213,-624.0700440667861,-536.352528537447,-87.71751552933904,66424.8783096019,72124.8043664178,60724.952252786
2024-04-26 00:00:00,64486.183359158975,66250.2569658556,65729.66367120016,36.18019572431859,-648.9630230002149,-558.8746274300006,-90.08839557021429,66250.2569658556,71963.73316730352,60536.780764407675
2024-04-27 00:00:00,63802.330049258766,65990.34097249467,65546.10808815813,40.50390271828426,-715.6228799571836,-590.2242779354373,-125.39860202174634,65990.34097249467,71649.70037980912,60330.98156518023
2024-04-28 00:00:00,63517.248743409626,65696.10472920965,65352.88338865827,47.15556272557186,-782.4355457894271,-628.6665315062353,-153.76901428319184,65696.10472920965,71218.88255562223,60173.32690279707
2024-04-29 00:00:00,63030.433616681854,65266.41716692525,65131.69769608909,40.7664515190341,-864.6992622255639,-675.8730776501011,-188.82618457546278,65266.41716692525,70147.12346311574,60385.71087073474
2024-04-30 00:00:00,63797.67963589958,64998.36895811639,65004.64835702342,51.39202582971355,-858.0919586157033,-712.3168538432216,-145.77510477248177,64998.36895811639,69557.26797326082,60439.46994297196
2024-05-01 00:00:00,60749.47209216387,64509.448063935095,64599.393474655844,40.68315079113711,-1086.2983258448367,-787.1131482435446,-299.185177601292,64509.448063935095,68649.58689128255,60369.30923658764
2024-05-02 00:00:00,58297.57407532549,63918.99356116589,63999.22019852915,40.529885229848894,-1448.3060242952852,-919.3517234538929,-528.9543008413923,63918.99356116589,68066.39301336596,59771.594108965815
2024-05-03 00:00:00,59135.1733607733,63513.146977091244,63535.9776425524,35.29388068881023,-1648.6083404894453,-1065.2030468610033,-583.405293628442,63513.146977091244,67870.48694533741,59155.80700884508
2024-05-04 00:00:00,62839.34073569376,63434.872739422215,63469.63127047063,46.786750376625776,-1491.263659844626,-1150.4151694577279,-340.8484903868982,63434.872739422215,67780.99847333669,59088.74700550774
2024-05-05 00:00:00,63820.451902924986,63338.26233220403,63503.042759275806,47.010454512585014,-1272.7281769409747,-1174.8777709543774,-97.85040598659725,63338.26233220403,67551.31733384088,59125.20733056718
2024-05-06 00:00:00,64010.00865210892,63367.23419194106,63551.32522525991,47.442206586765174,-1071.8855573301043,-1154.279328229523,82.39377089941854,63367.23419194106,67590.91776494167,59143.550618940455
2024-05-07 00:00:00,63172.48129551341,63339.8331773427,63515.24485099834,39.23479640357549,-969.1263076502219,-1117.2487241136628,148.1224164634409,63339.8331773427,67560.97678439273,59118.68957029266
2024-05-08 00:00:00,62363.057191718624,63391.54113749826,63405.5126929717,38.390678167375555,-942.1421937291016,-1082.2274180367506,140.085224307649,63391.54113749826,67533.55971858419,59249.52255641232
2024-05-09 00:00:00,61215.50400879193,63279.2367031825,63196.940437335536,40.67935460393408,-1001.8068348080851,-1066.1433013910175,64.33646658293242,63279.2367031825,67533.53471056615,59024.93869579884
2024-05-10 00:00:00,63148.59994309703,63237.22577674807,63192.336580741394,46.31786223216541,-882.9289510387025,-1029.5004313205545,146.57148028185202,63237.22577674807,67478.59487328901,58995.85668020713
2024-05-11 00:00:00,60888.21674957157,63036.915679672056,62972.89659682046,42.61863588143505,-960.0446079560206,-1015.6092666476478,55.56465869162719,63036.915679672056,67326.87527871584,58746.95608062827
2024-05-12 00:00:00,60776.97207917213,62828.94324579197,62763.760928473,42.997289911101625,-1018.396397105942,-1016.1666927393068,-2.2297043666352465,62828.94324579197,67134.43553603088,58523.45095555305
2024-05-13 00:00:00,61507.05400412135,62562.21260339435,62644.07455472522,46.15484832741807,-994.2678003231122,-1011.7869142560679,17.519113932955747,62562.21260339435,66462.94233421097,58661.48287257773
2024-05-14 00:00:00,62878.783300729294,62385.804146234485,62666.427768630376,47.74930133726594,-854.6072429966298,-980.3509800041804,125.74373700755064,62385.804146234485,65849.00414945777,58922.604143011195
2024-05-15 00:00:00,61569.1130057734,62250.2838900944,62561.92160073924,52.19448205095444,-839.922587788642,-952.2653015610728,112.34271377243078,62250.2838900944,65612.10826077098,58888.45951941781
2024-05-16 00:00:00,66220.51831432826,62337.000637852856,62910.359382985815,68.97752118833938,-447.79347333596525,-851.3709359160514,403.57746258008615,62337.000637852856,66016.15868748521,58657.842588220505
2024-05-17 00:00:00,65260.879803346186,62409.92812555722,63134.218470639185,64.58738469963373,-212.01910849172418,-723.500570431186,511.48146193946184,62409.92812555722,66264.99941313746,58554.85683797698
2024-05-18 00:00:00,67053.12326509564,62586.72185164153,63507.44749868265,61.039707783737946,118.0915573063321,-555.1821448836824,673.2737021900145,62586.72185164153,66946.83921425807,58226.60448902499
2024-05-19 00:00:00,66912.61861403697,62780.83110150928,63831.74950966878,58.47444851005377,364.1711488607398,-371.311486134798,735.4826349955378,62780.83110150928,67550.54687977416,58011.11532324439
2024-05-20 00:00:00,66252.71259591613,62903.582749510104,64062.317422644715,55.99191797776696,500.1763755691063,-197.01391379401713,697.1902893631234,62903.582749510104,67904.25673994406,57902.90875907615
2024-05-21 00:00:00,71430.29700215145,63437.6239950095,64764.02976355012,67.90936315725074,1014.0598377261194,45.20083651001019,968.8590012161093,63437.6239950095,69613.00259218372,57262.24539783528
2024-05-22 00:00:00,70189.8358177002,64032.237082128224,65280.7731972787,66.66300046097305,1306.1646798276488,297.3936051735379,1008.7710746541109,64032.237082128224,70410.54960837499,57653.924555881465
2024-05-23 00:00:00,69181.20085677762,64534.53845692845,65652.24249818336,67.05966258379837,1439.6757737102162,525.8500388808736,913.8257348293425,64534.53845692845,70871.20032395494,58197.876589901956
2024-05-24 00:00:00,67906.46534276106,64787.89468728182,65866.93038814314,60.48531944636925,1426.1836179563688,705.9167546959727,720.2668632603961,64787.89468728182,71243.25566134664,58332.53371321699
2024-05-25 00:00:00,68539.91646552991,65023.86791541206,66121.50049075141,68.16531474163426,1449.8917493905465,854.7117536348876,595.1799957556589,65023.86791541206,71672.46982300114,58375.266007822975
2024-05-26 00:00:00,69268.44558973772,65286.7897622935,66421.20954779773,69.58494321053038,1510.0597967542271,985.7813622587555,524.2784344954716,65286.7897622935,72178.04327095191,58395.53625363509
2024-05-27 00:00:00,68508.83110875699,65553.60725295567,66620.03064884146,66.12710098085563,1479.3953191774053,1084.5041536424856,394.89116553491976,65553.60725295567,72513.06805408996,58594.146451821376
2024-05-28 00:00:00,69367.23871755725,65903.81632924761,66881.66951252868,65.30672500895375,1506.9881979126512,1169.0009624965187,337.98723541613253,65903.81632924761,72892.12531624324,58915.50734225198
2024-05-29 00:00:00,68316.63588049631,66258.87292283282,67018.33297614465,66.11485808898036,1427.6241221942473,1220.7255944360645,206.8985277581828,66258.87292283282,72959.90691914891,59557.83892651672
2024-05-30 00:00:00,67577.26558995963,66480.30620517596,67071.56465365084,53.98488148021303,1290.1939642273937,1234.6192683943304,55.57469583306329,66480.30620517596,73039.7834980489,59920.828912303026
2024-05-31 00:00:00,68372.49288434093,66854.52001191441,67195.46258038323,59.22819474257985,1231.2546335860243,1233.9463414326692,-2.691707846644931,66854.52001191441,72904.92604745676,60804.113976372064
2024-06-01 00:00:00,67474.95483698409,67189.41914980502,67222.0808905357,51.321149385374184,1099.447226786273,1207.04651850339,-107.59929171711701,67189.41914980502,72522.34398218433,61856.494317425706
2024-06-02 00:00:00,67704.32641811523,67499.28277050472,67268.00903601946,52.465851794860114,1001.9474504176032,1166.0267048862327,-164.07925446862941,67499.28277050472,72113.81270834933,62884.752832660124
2024-06-03 00:00:00,67740.01690222476,67742.34445057949,67312.96216613425,54.81976538276307,916.9876363207732,1116.218891173141,-199.23125485236778,67742.34445057949,71812.08695025917,63672.601950899814
2024-06-04 00:00:00,68808.29368590549,68104.3034845861,67455.37469182676,38.418622534130115,925.1923386602139,1078.0135806705555,-152.82124201034162,68104.3034845861,70972.66056138994,65235.94640778224
2024-06-05 00:00:00,70600.01116676089,68323.27812720773,67754.86387991572,51.727611649115325,1064.0060516307567,1075.2120748625957,-11.206023231839026,68323.27812720773,71254.10901012344,65392.44724429201
2024-06-06 00:00:00,71184.59943059199,68619.46410857001,68081.5053609325,58.75066573033905,1207.2716306838847,1101.6239860268536,105.64764465703115,68619.46410857001,71442.5180466158,65796.41017052422
2024-06-07 00:00:00,70759.58819301432,68804.78735496594,68336.56086874982,63.46143278348521,1271.8546308682126,1135.6701149951255,136.1845158730871,68804.78735496594,71681.02658984007,65928.54812009181
2024-06-08 00:00:00,69325.36238847222,68925.42454368771,68430.73244205672,53.445490951822336,1193.5486023783014,1147.2458124717607,46.30278990654074,68925.42454368771,71666.73432830555,66184.11475906987
2024-06-09 00:00:00,69315.1041233966,69078.54412006174,68514.95831647003,50.21844086391057,1117.7777087419672,1141.3521917258022,-23.57448298383497,69078.54412006174,71516.6085278332,66640.47971229027
2024-06-10 00:00:00,69654.16073760358,68989.73730683434,68623.45378514941,55.58188606359497,1072.7220922543056,1127.626171831503,-54.90407957719731,68989.73730683434,71184.35323719714,66795.12137647155
2024-06-11 00:00:00,69493.17760915738,68954.90439640719,68706.28462553112,50.65854408139957,1012.3553956741962,1104.5720166000417,-92.21662092584552,68954.90439640719,71090.64337650675,66819.16541630763
2024-06-12 00:00:00,67329.15232724321,68862.30196993047,68575.12916855131,45.374931844465216,780.8939397316717,1039.8364012263678,-258.9424614946961,68862.30196993047,71114.17441758639,66610.42952227456
2024-06-13 00:00:00,68224.51967501991,68878.20468654341,68541.73778821499,52.9878769736194,662.0757334485679,964.2842676708078,-302.2085342222399,68878.20468654341,71106.01928207872,66650.3900910081
2024-06-14 00:00:00,66700.31696564378,68786.2247115491,68366.36437654155,42.76760103997608,439.8507034651557,859.3975548296775,-419.5468513645218,68786.2247115491,71215.63007872287,66356.81934437534
2024-06-15 00:00:00,66011.07873713733,68623.35636891909,68142.05145850305,43.552350263192,205.74826341534208,728.6676965468105,-522.9194331314684,68623.35636891909,71336.78984522338,65909.9228926148
2024-06-16 00:00:00,66190.4874891135,68507.43918793692,67956.18822332309,43.30281286203841,34.30177050360362,589.7945113381692,-555.4927408345656,68507.43918793692,71431.38478964257,65583.49358623127
2024-06-17 00:00:00,66615.53782131766,68369.85414312493,67828.5072326559,45.19100322891491,-66.50615921441931,458.53437722765153,-525.0405364420708,68369.85414312493,71381.10908686681,65358.59919938305
2024-06-18 00:00:00,66460.38897909952,68277.0417980551,67698.21025612672,39.10816842629197,-157.10537180048414,335.4064274220244,-492.51179922250856,68277.0417980551,71407.2783789308,65146.80521717939
2024-06-19 00:00:00,65109.31481219048,68153.64425916664,67451.64878527565,23.44317997522367,-334.0752824769006,201.51008544223941,-535.58536791914,68153.64425916664,71580.55259304067,64726.73592529261
2024-06-20 00:00:00,64907.07460760319,67980.37334532976,67209.30838740208,18.4714144649935,-485.05291790296906,64.19748477319771,-549.2504026761668,67980.37334532976,71698.7329738065,64262.01371685303
2024-06-21 00:00:00,64844.67441797763,67848.85932437943,66984.1051522188,19.169648852976778,-602.7903634302347,-69.20008486748878,-533.5902785627459,67848.85932437943,71819.95709629524,63877.76155246362
2024-06-22 00:00:00,64071.624284709695,67667.22421770915,66706.72602197985,20.588727338547542,-749.8332118569524,-205.3267102653815,-544.5065015915709,67667.22421770915,71983.47189940914,63350.97653600917
2024-06-23 00:00:00,64239.90348813148,67492.2185470045,66471.79054256572,22.082146425685494,-843.0686328658194,-332.8750947854691,-510.19353808035027,67492.2185470045,72071.83380662838,62912.60328738061
2024-06-24 00:00:00,63221.35738437477,67212.87173192795,66162.22547988087,17.07547485171142,-987.7602486810938,-463.8521255645941,-523.9081231164997,67212.87173192795,72124.05486919016,62301.68859466574
2024-06-25 00:00:00,60363.23497529626,66701.03292235473,65609.94066992043,13.38107685932529,-1317.8644675092364,-634.6545939535226,-683.2098735557138,66701.03292235473,72221.78611074454,61180.279733964926
2024-06-26 00:00:00,61770.41387009536,66230.3236443299,65244.27145088947,26.26359010198358,-1449.221143444629,-797.567903851744,-651.653239592885,66230.3236443299,71746.82885019583,60713.81843846397
2024-06-27 00:00:00,60749.89619402014,65729.83904438019,64816.23571214001,18.420084897885303,-1617.0293948365434,-961.4602020487039,-655.5691927878395,65729.83904438019,71331.76243588823,60127.91565287215
2024-06-28 00:00:00,61562.64532550036,65341.70319123159,64506.36996103148,26.905197928551644,-1665.2407221071626,-1102.2163060603957,-563.0244160467669,65341.70319123159,70970.33429644648,59713.0720860167
2024-06-29 00:00:00,60317.09697945116,64891.80283403433,64107.391581833355,25.623647203211874,-1783.396009287695,-1238.4522467058557,-544.9437625818393,64891.80283403433,70620.725108928,59162.880559140656
2024-06-30 00:00:00,60864.44316193428,64452.31695525085,63798.53935136678,27.895189672531217,-1811.9812709058388,-1353.1580515458525,-458.8232193599863,64452.31695525085,69988.30887273596,58916.325037765746
2024-07-01 00:00:00,62734.39383945474,64114.37776676573,63697.192159756116,35.617031532584875,-1664.5579173183505,-1415.4380247003523,-249.11989261799818,64114.37776676573,69158.00129130461,59070.754242226845
2024-07-02 00:00:00,62819.82226921849,63888.91126386449,63613.63312256206,36.438497963673214,-1523.2711653547667,-1437.0046528312353,-86.26651252353145,63888.91126386449,68726.38673215566,59051.435795573314
2024-07-03 00:00:00,62042.5650371006,63579.813531968524,63464.00759061335,38.06583503561048,-1457.2206270296883,-1441.0478476709259,-16.172779358762455,63579.813531968524,68024.94613296156,59134.68093097549
2024-07-04 00:00:00,60244.68076433092,63257.03172190288,63157.40503572931,33.86073705375463,-1532.2860945226712,-1459.295497041275,-72.99059748139621,63257.03172190288,67685.59986883152,58828.46357497424
2024-07-05 00:00:00,57189.17412408636,62815.93649125033,62589.00209176331,28.048575149484364,-1817.3802401332869,-1530.9124456596774,-286.4677944736095,62815.93649125033,67810.68838998573,57821.18459251492
2024-07-06 00:00:00,56739.86285107204,62343.405259348256,62031.94121169747,28.579170681949904,-2055.8762080158704,-1635.905198130916,-419.97100988495436,62343.405259348256,67763.95499177936,56922.85552691715
2024-07-07 00:00:00,58230.4841542266,61924.1525759937,61669.897682414536,33.701915876197475,-2100.3932731079476,-1728.8028131263225,-371.59045998162514,61924.1525759937,67249.67709769245,56598.62805429496
2024-07-08 00:00:00,55880.3753776708,61395.151895922274,61118.51460577228,31.431717710016812,-2298.8082746790387,-1842.803905436866,-456.00436924217274,61395.151895922274,66921.52354325399,55868.78024859055
2024-07-09 00:00:00,56665.14073352028,60972.94319198876,60694.3837607959,39.54996655488558,-2365.462013623619,-1947.3355270742168,-418.1264865494022,60972.94319198876,66593.98481975943,55351.90156421809
2024-07-10 00:00:00,57988.30351208401,60627.0046372128,60436.66183234715,39.26156613198523,-2285.17532517769,-2014.9034866949116,-270.2718384827783,60627.0046372128,66077.61989964051,55176.38937478508
2024-07-11 00:00:00,57704.20228446288,60269.98103053706,60176.427589691506,40.97504875667329,-2218.894110790374,-2055.701611514004,-163.19249927636974,60269.98103053706,65487.83398905684,55052.12807201729
2024-07-12 00:00:00,57388.19247916668,59935.809440259916,59910.881388689144,37.255137510489966,-2166.8866012422804,-2077.9386094596593,-88.9479917826211,59935.809440259916,64981.751027783575,54889.86785273626
2024-07-13 00:00:00,57899.28895749592,59618.77871372813,59719.30115714693,42.271694976253116,-2060.6748835103353,-2074.4858642697945,13.810980759459198,59618.77871372813,64310.41228334332,54927.14514411293
2024-07-14 00:00:00,59152.71913887286,59415.34680145304,59665.34096493036,44.76493272217168,-1853.9883678724946,-2030.3863649903346,176.39799711784008,59415.34680145304,63791.48350095105,55039.210101955025
2024-07-15 00:00:00,60942.32773996293,59444.30143968637,59786.958753028695,44.49215055795731,-1528.1656154439625,-1929.9422150810603,401.7765996370979,59444.30143968637,63854.37675436131,55034.22612501144
2024-07-16 00:00:00,64835.48973321571,59597.55523284238,60267.771227332225,55.02008582800706,-944.9107573507936,-1732.935923535007,788.0251661842135,59597.55523284238,64530.068374933886,54665.042090750874
2024-07-17 00:00:00,65162.23625234354,59818.17223575855,60733.91075352378,57.94799826261384,-451.11123729209066,-1476.570986286424,1025.4597489943333,59818.17223575855,65328.55202835811,54307.79244315899
2024-07-18 00:00:00,64136.31384360687,59946.85566166389,61057.9491430555,60.32068864854919,-140.9303668627981,-1209.4428624016987,1068.5124955389006,59946.85566166389,65741.63240285743,54152.07892047035
2024-07-19 00:00:00,63959.56900809379,60128.979263096015,61334.29389210677,71.19087084210766,89.59557456495531,-949.6351750083679,1039.2307495733232,60128.979263096015,66195.34447455965,54062.61405163237
2024-07-20 00:00:00,66689.54880734957,60420.23454536678,61844.318169748934,77.25126050383487,486.96220127017295,-662.3156997526598,1149.2779010228328,60420.23454536678,67157.51980973581,53682.94928099775
2024-07-21 00:00:00,67206.06470614894,60643.8180887015,62354.960697025126,75.96897271319166,833.9434511426516,-363.0638695735976,1197.007320716249,60643.8180887015,67975.07311444917,53312.56306295382
2024-07-22 00:00:00,68088.13996324532,60907.233973402836,62900.97776999848,88.59962267750744,1166.6562064391183,-57.11985437105437,1223.7760608101726,60907.233973402836,68915.05714316745,52899.41080363822
2024-07-23 00:00:00,67607.71339918874,61185.49139150725,63349.23830611183,85.27817757493902,1375.7087394510381,229.44586439336413,1146.262875057674,61185.49139150725,69728.3093132363,52642.67346977819
2024-07-24 00:00:00,65942.41746522837,61470.378226552115,63596.20774983722,75.09007631476103,1390.974623979775,461.75161631064634,929.2230076691287,61470.378226552115,70257.61498241601,52683.14147068822
2024-07-25 00:00:00,65403.53513022529,61881.096276859054,63768.334167017034,73.90221740450767,1344.095747539308,638.2204425563787,705.8753049829293,61881.096276859054,70593.35013827216,53168.84241544595
2024-07-26 00:00:00,65749.96361965332,62331.60131528812,63957.060781553824,75.90979101364003,1319.6852737293448,774.5134087909719,545.1718649383729,62331.60131528812,70854.236841398,53808.96578917825
2024-07-27 00:00:00,67920.2964857025,62816.09193186192,64334.51180099656,78.1559338728525,1458.6530767399381,911.3413423807651,547.311734359173,62816.09193186192,71457.9421365945,54174.241727129345
2024-07-28 00:00:00,68055.40838968738,63424.84358246275,64688.8829046814,76.69114545088871,1561.6863155790488,1041.4103370204218,520.275978558627,63424.84358246275,71717.79788365502,55131.88928127049
2024-07-29 00:00:00,68242.2474440493,64003.6989179892,65027.29857509739,74.21286678102717,1639.5179080023227,1161.0318512168021,478.48605678552053,64003.6989179892,71917.50444102673,56089.893394951665
2024-07-30 00:00:00,66770.32091848266,64442.79978830913,65193.30070303885,57.64560286706102,1564.3944708756244,1241.7043751485667,322.6900957270577,64442.79978830913,71913.40934190892,56972.19023470934
2024-07-31 00:00:00,66219.05102486102,64868.542225329045,65290.99120987906,54.10325805220979,1443.7332739675112,1282.1101549123557,161.62311905515548,64868.542225329045,71662.01856074031,58075.06588991779
2024-08-01 00:00:00,64679.77864703252,65233.12153372234,65232.78048960796,52.02920123452006,1209.9543884267623,1267.679001615237,-57.72461318847468,65233.12153372234,71048.53501570327,59417.708051741414
2024-08-02 00:00:00,65357.52960767435,65606.03356623126,65244.66135799523,55.03149203023592,1067.0712426163882,1227.5574498154672,-160.486207199079,65606.03356623126,70287.22821297585,60924.83891948667
2024-08-03 00:00:00,61407.29547397454,65718.76238298633,64879.19794046946,32.52340280913235,627.8470095340235,1107.6153617591785,-479.768352225155,65718.76238298633,69818.04343727787,61619.48132869479
2024-08-04 00:00:00,60738.7449250574,65708.58324224106,64484.869081858786,28.815672027217502,223.23884000277758,930.7400574078983,-707.5012174051208,65708.58324224106,69858.50202911733,61558.664455364786
2024-08-05 00:00:00,58006.206586686734,65367.11908491461,63867.85360612811,20.546257987355986,-314.2861612948982,681.7348136673392,-996.0209749622373,65367.11908491461,70757.8720185121,59976.3661513171
2024-08-06 00:00:00,53956.26184159744,64806.82036437731,62923.89248569662,17.000575295792387,-1054.9148894264654,334.40487304857834,-1389.3197624750437,64806.82036437731,72232.56540352099,57381.07532523363
2024-08-07 00:00:00,55959.84107399357,64397.99672589664,62260.649494105855,26.257581761555272,-1463.3280580059072,-25.14171316231881,-1438.1863448435884,64397.99672589664,72813.51813523888,55982.4753165544
2024-08-08 00:00:00,55099.95181146735,63955.01586606532,61578.678286235525,25.86267000064504,-1835.2289368607671,-387.1591579020085,-1448.0697789587587,63955.01586606532,73344.10844405938,54565.923288071244
2024-08-09 00:00:00,61859.03159904161,63713.49000564992,61605.37860174087,42.99090788622024,-1566.5041274179312,-623.0281518051931,-943.475975612738,63713.49000564992,73054.7996979658,54372.180313334036
2024-08-10 00:00:00,60912.588533350805,63398.81619701001,61539.39859522753,36.79407050695954,-1413.6125796483975,-781.145037373834,-632.4675422745635,63398.81619701001,72668.48258570311,54129.14980831691
2024-08-11 00:00:00,60887.70861641504,63038.794629668504,61477.33288295968,36.43621583676957,-1279.7009321241349,-880.8562163238943,-398.8447158002406,63038.794629668504,72098.54354412392,53979.045715213084
2024-08-12 00:00:00,58804.23449992608,62598.62068470536,61222.75208457553,33.33615482024162,-1326.40397618118,-969.9657682953515,-356.43820788582855,62598.62068470536,71578.79660725922,53618.44476215149
2024-08-13 00:00:00,59350.07433270696,62269.00352807929,61044.40182249281,36.455818397695204,-1304.3361867028216,-1036.8398519768457,-267.4963347259759,62269.00352807929,71216.28815224706,53321.71890391152
2024-08-14 00:00:00,60601.22317789727,62028.88793046289,61002.194332531326,40.00124086990498,-1172.375632518524,-1063.9470080851816,-108.42862443334252,62028.88793046289,70879.21207701083,53178.563783914964
2024-08-15 00:00:00,58739.19382231015,61678.34944059574,60786.67047441503,39.546885565257064,-1204.165282164351,-1091.9906629010156,-112.17461926333544,61678.34944059574,70463.23198785081,52893.466893340665
2024-08-16 00:00:00,57624.11692852191,61163.5404627367,60485.47489861568,36.59846302981233,-1304.301024472079,-1134.4527352152284,-169.84828925685065,61163.5404627367,69608.42803703956,52718.652888433855
2024-08-17 00:00:00,58881.92579151217,60704.866332827936,60332.755936034395,45.17327526359013,-1267.5530953353518,-1161.072807239253,-106.48028809609877,60704.866332827936,68548.7628137182,52860.96985193767
2024-08-18 00:00:00,59430.79163445865,60264.29354234841,60246.85457397956,47.488626632808874,-1180.5327634366622,-1164.964798478735,-15.567964957927188,60264.29354234841,67270.77094635245,53257.816138344366
2024-08-19 00:00:00,58438.29374268541,59847.69218355855,60074.610685284875,50.88904781978824,-1178.0746968946842,-1167.586778161925,-10.487918732759226,59847.69218355855,66184.14803949071,53511.23632762639
2024-08-20 00:00:00,59574.94581294088,59515.48692296255,60027.023554585445,63.13558320197962,-1072.0504089921887,-1148.4795043279778,76.42909533578904,59515.48692296255,65097.19890825369,53933.774937671405
2024-08-21 00:00:00,59060.12610074137,59234.50429564798,59934.93808279077,57.79024593955024,-1017.8340874321511,-1122.3504209488126,104.51633351666146,59234.50429564798,64259.64291100958,54209.365680286384
2024-08-22 00:00:00,61144.68762866613,59023.86219669758,60050.15232525509,64.30830128098353,-797.46785506569,-1057.3739077721882,259.90605270649826,59023.86219669758,63259.47674874279,54788.247644652365
2024-08-23 00:00:00,60387.54062321362,58972.87445415954,60082.28454410828,45.134359037016004,-676.1274870646375,-981.1246236306781,304.9971365660406,58972.87445415954,63111.11499498039,54834.63391333869
2024-08-24 00:00:00,64049.68561555576,59138.42148868444,60460.13226519852,58.793817421941874,-281.2181681639777,-841.1433325373381,559.9251643733604,59138.42148868444,63805.24756690554,54471.59541046334
2024-08-25 00:00:00,64157.1606134782,59445.96919002403,60812.23020312991,59.12258808460594,39.96198942053161,-664.9222681457642,704.8842575662958,59445.96919002403,64585.406633274986,54306.53174677307
2024-08-26 00:00:00,64265.81631272862,59961.44691358057,61141.14316594884,67.12661182988924,299.81114884238923,-471.97558474813354,771.7867335905228,59961.44691358057,64844.18397392938,55078.70985323176
2024-08-27 00:00:00,62922.58634676265,60309.58417721903,61310.80442126444,60.66923832271331,392.827773339799,-299.01491313054703,691.842686470346,60309.58417721903,64979.236075956105,55639.93227848196
2024-08-28 00:00:00,59526.560879590994,60530.91463062521,61140.87646491458,47.15501971977154,190.31936183729704,-201.14805813697825,391.4674199742753,60530.91463062521,64532.754859143526,56529.07440210689
2024-08-29 00:00:00,59015.29633887944,60388.72786761711,60938.44026243504,50.7872347359775,-11.294591867721465,-163.17736488312693,151.88277301540546,60388.72786761711,64393.956223871224,56383.499511363
2024-08-30 00:00:00,59351.5794909728,60310.6774154982,60787.31066515292,55.154317768937744,-142.2995224739716,-159.00179640129588,16.702273927324285,60310.6774154982,64333.721999126195,56287.6328318702
2024-08-31 00:00:00,59156.24603646356,60224.104286500624,60631.97117670631,50.873912100643324,-258.8992220553919,-178.98128153211508,-79.9179405232768,60224.104286500624,64269.32408659496,56178.884486406285
2024-09-01 00:00:00,58960.23658664587,60231.90439083662,60472.758358605315,48.466458144452886,-362.9379260199712,-215.77261042968632,-147.16531559028488,60231.90439083662,64266.18329638862,56197.625485284625
2024-09-02 00:00:00,57357.71617282246,60132.286482842406,60176.08767424504,46.613060195319406,-568.1500726673621,-286.2481028772215,-281.9019697901406,60132.286482842406,64352.36478035129,55912.208185333526
2024-09-03 00:00:00,59108.73235863689,60057.661941879385,60074.434787044265,48.59290184290195,-582.771972480914,-345.55287679796004,-237.21909568295393,60057.661941879385,64295.571653919804,55819.75222983897
2024-09-04 00:00:00,57504.53858622044,59995.92918007489,59829.68276791819,45.59469926858381,-715.5564744366566,-419.55359632569935,-296.0028781109572,59995.92918007489,64349.107957268,55642.75040288178
2024-09-05 00:00:00,57987.84601410068,60014.11563435383,59654.2697437451,40.16842421638942,-772.8809877114036,-490.21907460284024,-282.66191310856334,60014.11563435383,64328.43879690604,55699.79247180162
2024-09-06 00:00:00,56132.4047320886,59876.639581382646,59318.85402834925,37.596453975016296,-956.9980050790618,-583.5748606980846,-373.4231443809772,59876.639581382646,64506.551665410036,55246.727497355256
2024-09-07 00:00:00,53923.35611071905,59601.26780519567,58804.99708381304,17.750141253359885,-1266.5636721848568,-720.172622995439,-546.3910491894178,59601.26780519567,64943.20948728588,54259.32612310546
2024-09-08 00:00:00,54150.9383589072,59386.90003600676,58361.753395726766,18.374595078892426,-1476.512392458615,-871.4405768880742,-605.0718155705408,59386.90003600676,65244.54696853444,53529.25310347907
2024-09-09 00:00:00,54792.40755768575,59147.773123244,58021.81569686572,21.0341589843715,-1573.0044464177263,-1011.7533507940047,-561.2510956237215,59147.773123244,65353.24604462038,52942.30020186762
2024-09-10 00:00:00,57049.11875114327,59047.2227557641,57929.1778925112,32.99143582320701,-1450.655112048138,-1099.5337030448316,-351.12140900330655,59047.2227557641,65323.44283828561,52771.00267324259
2024-09-11 00:00:00,57624.16178336144,58871.196463498854,57900.12873925884,43.41512772742921,-1292.393310618114,-1138.105624559488,-154.28768605862592,58871.196463498854,65097.000094008436,52645.39283298927
2024-09-12 00:00:00,57381.76444500048,58720.907654588205,57850.76071123424,44.23853420065376,-1173.0074326647737,-1145.0859861805452,-27.921446484228454,58720.907654588205,64937.69934911269,52504.11596006372
2024-09-13 00:00:00,58106.95122981528,58423.77093530119,57875.15980824196,45.72740813867717,-1008.2542242811905,-1117.7196338006743,109.46540951948373,58423.77093530119,64113.94036127786,52733.601509324515
2024-09-14 00:00:00,60620.62747295754,58246.94427827514,58136.63291916725,54.336697030346194,-667.1628168435927,-1027.608270409258,360.4454535656653,58246.94427827514,63379.394223067284,53114.494333483
2024-09-15 00:00:00,60003.29940083042,58033.81843268024,58314.41067932564,53.013774998152144,-441.5685083160861,-910.4003179906236,468.83180967453757,58033.81843268024,62412.57605023688,53655.060815123594
2024-09-16 00:00:00,59214.80226801806,57848.429228743014,58400.16225920111,55.630639505285785,-322.6887671206932,-792.8580078166376,470.1692406959444,57848.429228743014,61628.752238084984,54068.106219401045
2024-09-17 00:00:00,58211.123231286256,57782.657346327775,58382.15854225684,47.149281838335554,-305.93756806450256,-695.4739198662106,389.53635180170807,57782.657346327775,61485.01511722361,54080.29957543194
2024-09-18 00:00:00,60317.0319794625,57847.744128356935,58566.43220294309,58.6563420987871,-121.33422059543227,-580.645980012055,459.31175941662275,57847.744128356935,61684.66537671151,54010.82288000236
2024-09-19 00:00:00,61440.41208494509,57952.18575805555,58840.14457265757,60.2235555307194,114.29512524471647,-441.65775896070073,555.9528842054171,57952.18575805555,62065.24361225639,53839.127903854715
2024-09-20 00:00:00,62966.52931910512,58142.699922187625,59233.13359612876,70.63938835323893,419.3440487818734,-269.4573974121859,688.8014461940593,58142.699922187625,62806.66888009452,53478.73096428073
2024-09-21 00:00:00,63128.224540748255,58351.09931989274,59604.09463847348,81.72195460097865,666.4624077095068,-82.27343638784737,748.7358440973542,58351.09931989274,63514.60208727805,53187.59655250743
2024-09-22 00:00:00,63403.40234925936,58653.383628714575,59965.93346807214,81.78171949835138,874.4301504803661,109.06728098579534,765.3628694945708,58653.383628714575,64260.799840036794,53045.967417392356
2024-09-23 00:00:00,63582.59956924825,58877.07698924515,60310.377858660344,81.18417419802401,1041.6977596534489,295.5933767193261,746.1043829341228,58877.07698924515,64902.35456092348,52851.79941756682
2024-09-24 00:00:00,63327.02654450202,59168.20138715922,60597.67773350241,75.9570909994433,1140.4890895425997,464.5725192839808,675.9165702586189,59168.20138715922,65470.531410758995,52865.87136355945
2024-09-25 00:00:00,64334.14274876097,59485.51622389224,60953.53154447942,76.78650049010297,1285.2324316525555,628.7045017576958,656.5279298948598,59485.51622389224,66165.3667569321,52805.66569085239
2024-09-26 00:00:00,63151.89959401337,59836.49096698848,61162.89993014932,71.42677736607973,1289.6788163268939,760.8993646715354,528.7794516553585,59836.49096698848,66512.16968063539,53160.81225334157
2024-09-27 00:00:00,65130.76884023231,60396.86160346415,61540.792207300074,73.86057491335315,1436.3237719231038,895.9842461218491,540.3395258012547,60396.86160346415,66860.78853819714,53932.93466873116
2024-09-28 00:00:00,65791.00212541742,60978.86479178965,61945.57410426364,70.09470822073129,1587.5163636223806,1034.2906696219554,553.2256940004252,60978.86479178965,67165.04310022265,54792.68648335665
2024-09-29 00:00:00,65934.10709441357,61535.94976862605,62325.43438903982,73.93231807182676,1699.2965242910504,1167.2918405557746,532.0046837352759,61535.94976862605,67373.25465399704,55698.644883255074
2024-09-30 00:00:00,65663.68986662335,61966.678324400054,62643.36348214302,77.15844254572683,1745.9366260249371,1283.0207976496072,462.91582837532997,61966.678324400054,67679.97129144624,56253.385357353865
2024-10-01 00:00:00,63243.27532464382,62247.634001464176,62700.49794333357,68.9328860628014,1569.4998006610986,1340.3165982519056,229.18320240919297,62247.634001464176,67603.23474219433,56892.033260734024
2024-10-02 00:00:00,60872.66854372554,62422.179206400426,62526.4189528947,52.04969226114831,1224.271549825171,1317.1075885665587,-92.83603874138771,62422.179206400426,67317.8530118643,57526.505400936556
2024-10-03 00:00:00,60655.55979196848,62549.60963450807,62348.24188994935,46.897295737827356,922.5225463255192,1238.190580118351,-315.6680337928317,62549.60963450807,67092.30037274589,58006.91889627026
2024-10-04 00:00:00,60727.86395169296,62554.97145844486,62193.92018154398,40.00065638320691,681.364285141979,1126.8253211230765,-445.46103598109744,62554.97145844486,67088.31914909878,58021.62376779094
2024-10-05 00:00:00,62103.01047283253,62659.957012044964,62185.262114047655,45.86857544895493,594.3560903438847,1020.3314749672381,-425.9753846233534,62659.957012044964,67039.12288345564,58280.79114063429
2024-10-06 00:00:00,62091.932585194016,62803.81352790375,62176.37358749016,44.60007756157334,518.5302818403725,919.971236341865,-401.44095450149257,62803.81352790375,66885.37313204931,58722.253923758195
2024-10-07 00:00:00,62811.79972811266,63033.847352745084,62236.89036278754,46.96154681685361,510.63871926457796,838.1047329264077,-327.4660136618297,63033.847352745084,66497.33540953479,59570.35929595538
2024-10-08 00:00:00,62287.39010510681,63132.3652590273,62241.69986205604,45.98686442969913,456.8033801490019,761.8444623709266,-305.04108222192474,63132.3652590273,66375.55431045333,59889.17620760127
2024-10-09 00:00:00,62185.230423727575,63169.60617596642,62236.32182031047,41.08184375326353,401.2694688783595,689.7294636724133,-288.45999479405384,63169.60617596642,66347.43822232787,59991.774129604986
2024-10-10 00:00:00,60597.15045618275,63051.13723282029,62080.21026182212,39.7430937477321,226.5026809404808,597.0841071260269,-370.5814261855461,63051.13723282029,66431.0786479569,59671.19581768367
2024-10-11 00:00:00,60195.18073772453,62904.48504266911,61900.68364047949,27.311605396583758,54.92994725527387,488.6532751518763,-433.7233278966024,62904.48504266911,66516.8738603398,59292.09622499843
2024-10-12 00:00:00,62392.34048293159,62853.93194935273,61947.5081016654,36.310983230366475,95.15288546992815,409.9531972154867,-314.80031174555853,62853.93194935273,66465.22091224116,59242.64298646429
2024-10-13 00:00:00,63207.77062127557,62835.19050195409,62067.53310353304,39.583123837655535,190.63077817870362,366.08871340813005,-175.45793522942643,62835.19050195409,66434.42750713584,59235.953496772345
2024-10-14 00:00:00,62829.533686088886,62810.315859033435,62140.10458758597,39.2596548352237,233.09021748632222,339.4890142237685,-106.39879673744628,62810.315859033435,66402.1095083662,59218.52220970068
2024-10-15 00:00:00,66049.99492708022,62896.1084679494,62512.47509610923,60.02828331158077,520.6027522082732,375.71176182066944,144.89099038760372,62896.1084679494,66715.88876836296,59076.32816753584
2024-10-16 00:00:00,66962.21994496793,63086.62448549713,62936.260319810055,74.28895966349319,812.6991526087222,463.10923997828,349.5899126304422,63086.62448549713,67318.03170982147,58855.21726117279
2024-10-17 00:00:00,67647.54414766871,63212.46325086894,63384.954017701355,76.88428153946361,1086.957816925853,587.8789553677947,499.0788615580583,63212.46325086894,67831.74977222212,58593.17672951576
2024-10-18 00:00:00,67328.10527002988,63289.31840809957,63760.49223220884,74.90471640997256,1263.9635515287591,723.0958745999876,540.8676769287715,63289.31840809957,68134.85026286083,58443.78655333832
2024-10-19 00:00:00,68465.61920668735,63415.89401371327,64208.59956311155,74.44645968039666,1478.9809675860015,874.2728931971905,604.708074388811,63415.89401371327,68667.5575120151,58164.23051541144
2024-10-20 00:00:00,68388.87128965274,63552.15308486472,64606.720679925,74.0726625880859,1624.4650811712709,1024.3113307920066,600.1537503792642,63552.15308486472,69177.4987579554,57926.80741177405
2024-10-21 00:00:00,68962.82918045693,63838.13077765538,65021.58815616614,73.78015467777686,1765.72175311936,1172.5934152574773,593.1283378618828,63838.13077765538,69957.2257700548,57719.03578525595
2024-10-22 00:00:00,67394.85775735618,64164.24023833692,65247.61383246995,68.27139514084512,1731.1904081804096,1284.3128138420639,446.8775943383457,64164.24023833692,70313.01298176235,58015.46749491148
2024-10-23 00:00:00,67351.04793512498,64499.01464549474,65447.94088986567,68.55760959304764,1680.912469395771,1363.6327449528053,317.27972444296574,64499.01464549474,70572.05440177924,58425.974889210236
2024-10-24 00:00:00,66683.96806542306,64796.81985118125,65565.65776372828,73.41565205253673,1569.150875677784,1404.736371097801,164.4145045799828,64796.81985118125,70672.14365444922,58921.49604791329
2024-10-25 00:00:00,68214.05205157402,65102.37193011832,65817.88579114215,78.38449897523385,1585.7642940170263,1440.9419556816463,144.82233833537998,65102.37193011832,71023.27010173474,59181.4737585019
2024-10-26 00:00:00,66585.66535501445,65327.05856860934,65891.00765436808,65.46591273757416,1450.8093235428169,1442.9154292538803,7.893894288936508,65327.05856860934,71106.30728372675,59547.809853491926
2024-10-27 00:00:00,67018.1650170265,65537.37683305502,65998.35597462126,64.46208565308027,1363.0433302714664,1426.9410094573975,-63.89767918593111,65537.37683305502,71236.81887714335,59837.934788966704
2024-10-28 00:00:00,67938.55412885673,65819.93503424253,66183.1367512151,68.62445882536339,1352.1688962559128,1411.9865868171007,-59.817690561187874,65819.93503424253,71400.04527837128,60239.82479011377
2024-10-29 00:00:00,69845.304531169,66202.93873961459,66531.91463502024,65.3009792077903,1480.3451535933564,1425.6583001723518,54.68685342100457,66202.93873961459,71784.1559114001,60621.721567829074
2024-10-30 00:00:00,72781.11308158132,66812.13687088454,67127.07639183558,70.16840772701835,1798.0936708724767,1500.1453743123768,297.94829656009983,66812.13687088454,72476.19711151911,61148.076630249976
2024-10-31 00:00:00,72342.62171127986,67419.5089195623,67623.79499368742,66.5565304421093,1991.5714748605824,1598.4305944220182,393.1408804385642,67419.5089195623,72687.31852001956,62151.699319105035
2024-11-01 00:00:00,70264.99735573279,67813.14176320235,67875.33807578697,59.214001676864655,1954.7242618747405,1669.6893279125627,285.0349339621778,67813.14176320235,72658.91216145935,62967.371364945364
2024-11-02 00:00:00,69507.92256395647,68128.1493603364,68030.8223127555,53.350019526453664,1843.1858721643657,1704.3886367629234,138.79723540144232,68128.1493603364,72510.29793111121,63746.0007895616
2024-11-03 00:00:00,69299.16036699413,68451.63069438167,68151.61641315918,52.90109967695128,1718.1398830647813,1707.138886023295,11.000997041486244,68451.63069438167,72076.64493616715,64826.616452596194
2024-11-04 00:00:00,68803.50626277467,68589.30626116638,68213.7011607416,49.489689383144245,1561.0500783559692,1677.92112448983,-116.87104613386077,68589.30626116638,72034.98486747929,65143.627654853466
2024-11-05 00:00:00,67793.29782704762,68630.86015527036,68173.66274800885,51.323490465000546,1339.5978481317288,1610.2564692182098,-270.65862108648093,68630.86015527036,72013.38537360047,65248.334936940264
2024-11-06 00:00:00,69335.42553133758,68715.25422445382,68284.30682261159,55.9947575418859,1273.8480504563195,1542.974785465832,-269.12673500951246,68715.25422445382,72078.6506866821,65351.85776222554
2024-11-07 00:00:00,75620.88606963192,69129.89326443392,68983.02865566114,70.15604726644962,1709.2221487744973,1576.224258127565,132.99789064693232,69129.89326443392,73626.88941180498,64632.897117062865
2024-11-08 00:00:00,75987.24178320667,69505.97439325988,69650.09657257024,68.50266616392537,2060.0738536818826,1672.9941772384286,387.079676443454,69505.97439325988,74931.30206291651,64080.646723603255
2024-11-09 00:00:00,76550.0213845611,69914.03189800531,70307.23226895032,74.98586448453847,2356.3751422081696,1809.670370232377,546.7047719757925,69914.03189800531,76152.33154256796,63675.73225344267
2024-11-10 00:00:00,76630.22631415377,70297.40175469015,70909.42217801731,74.5359723652774,2568.0648624488967,1961.349268675681,606.7155937732157,70297.40175469015,77196.91887811807,63397.884631262226
2024-11-11 00:00:00,80466.71654833542,70950.9946942391,71819.64068947617,77.83566854542704,3010.697740436037,2171.218963027752,839.4787774082847,70950.9946942391,79062.87520373336,62839.11418474482
2024-11-12 00:00:00,88637.42000322911,72015.31329764432,73421.33395745265,82.66177941849925,3974.9739433469804,2531.969959091598,1443.0039842553824,72015.31329764432,83157.9947986157,60872.63179667292
2024-11-13 00:00:00,88264.59974582895,73094.3448816646,74834.97831825039,79.54327387516705,4655.421501238496,2956.6602675209774,1698.7612337175183,73094.3448816646,86088.97375027346,60099.71601305573
2024-11-14 00:00:00,90488.10007497849,74208.04728283483,76325.75181889115,82.4144866810942,5312.85569392053,3427.899352800888,1884.9563411196418,74208.04728283483,89118.34470057693,59297.74986509273
2024-11-15 00:00:00,87407.51273710128,75249.13965193917,77381.15762062545,79.56347263702982,5521.649240220591,3846.6493302848294,1674.999909935762,75249.13965193917,90811.93820125252,59686.34110262582
2024-11-16 00:00:00,90947.97509443705,76445.6301558097,78673.23547527418,83.73611130492897,5904.73919542582,4258.267303313028,1646.4718921127924,76445.6301558097,92992.38063376685,59898.879677852565
2024-11-17 00:00:00,90606.45489380708,77579.0251940572,79809.7325627535,83.38772425265682,6110.346646371938,4628.683171924809,1481.6634744471285,77579.0251940572,94765.26784108144,60392.78254703297
2024-11-18 00:00:00,89841.47194135105,78578.83356456632,80765.13631309613,82.68977604841885,6140.777243967183,4931.101986333284,1209.6752576338986,78578.83356456632,96191.97325846775,60965.69387066488
2024-11-19 00:00:00,90534.62459650292,79466.5091403124,81695.56376865869,85.68817824684827,6149.932741708137,5174.868137408255,975.0646042998815,79466.5091403124,97630.24278594584,61302.77549467895
2024-11-20 00:00:00,92251.65240738312,80461.96067511756,82700.9055437753,85.76631332521373,6223.992028365072,5384.6929155996195,839.2991127654523,80461.96067511756,99156.27411308317,61767.64723715195
2024-11-21 00:00:00,94217.02229634204,81659.56192214802,83797.67856782928,83.54770636517651,6367.868645481984,5581.328061576093,786.5405839058903,81659.56192214802,100669.56549469572,62649.55834960031
2024-11-22 00:00:00,98509.11859102432,83109.6217235014,85198.76809384786,85.58891907610258,6750.4136351581255,5815.1451762925,935.2684588656257,83109.6217235014,102634.22359951749,63585.01984748532
2024-11-23 00:00:00,98927.494945534,84591.0384524284,86506.26588924654,85.52284969229864,7006.575331872038,6053.431207408408,953.1441244636299,84591.0384524284,104199.48041728922,64982.59648756758
2024-11-24 00:00:00,97679.46381643032,86034.83633011118,87570.37997754975,82.21974493303013,7027.866766783525,6248.318319283432,779.5484475000931,86034.83633011118,104990.1960332715,67079.47662695087
2024-11-25 00:00:00,98015.9355289458,87545.9682152061,88565.19479196842,80.08598862095309,6991.299488960052,6396.914553218757,594.3849357412955,87545.9682152061,105148.74617529243,69943.19025511977
2024-11-26 00:00:00,93004.70093103289,88729.43198519087,88988.00490045075,58.39679768660378,6483.2203775673115,6414.175718088469,69.04465947884273,88729.43198519087,104234.8584017512,73224.00556863053
2024-11-27 00:00:00,91931.83077291829,89544.97922035519,89268.36926925718,56.86601222683327,5925.684760557386,6316.477526582253,-390.792766024867,89544.97922035519,103813.86857208551,75276.08986862487
2024-11-28 00:00:00,95981.18057210564,90544.67615980013,89907.68463143322,59.62633246718146,5744.364990350223,6202.055019335847,-457.69002898562394,90544.67615980013,103560.7009376818,77528.65138191846
2024-11-29 00:00:00,95661.59595817851,91500.254888481,90455.67618636135,66.01457760629482,5511.348563118503,6063.913728092379,-552.5651649738757,91500.254888481,102895.54635976133,80104.96341720066
2024-11-30 00:00:00,97453.2473451042,92541.40594002852,91122.11153481306,63.54039671428327,5408.902201559322,5932.911422785767,-524.0092212264453,92541.40594002852,101825.69522544704,83257.11665461
2024-12-01 00:00:00,96513.14234698223,93343.72722996087,91635.54304073393,61.99556140456057,5192.003916139292,5784.729921456473,-592.7260053171804,93343.72722996087,100834.67345545252,85852.78100446923
2024-12-02 00:00:00,97311.70719084324,93777.44158934157,92176.1301026491,65.15021845968569,5026.604404666476,5633.1048180984735,-606.5004134319979,93777.44158934157,101124.1369764155,86430.74620226765
2024-12-03 00:00:00,95833.1362300365,94155.86841355194,92524.41640049551,60.41402610519894,4721.785971115838,5450.841048701946,-729.0550775861084,94155.86841355194,101074.13561846469,87237.6012086392
2024-12-04 00:00:00,96031.63097759832,94433.04495868293,92858.43683641005,57.90103816759753,4444.992922172358,5249.671423396029,-804.6785012236714,94433.04495868293,101174.52572966204,87691.56418770383
2024-12-05 00:00:00,98881.4694561823,95006.742794637,93432.05899067408,59.40214072829757,4404.814623745595,5080.700063465943,-675.8854397203477,95006.742794637,101157.88676278059,88855.59882649341
2024-12-06 00:00:00,97201.5003640774,95319.419058119,93791.05340718868,47.05399996292587,4189.123953827409,4902.384841538236,-713.2608877108269,95319.419058119,101233.03856040208,89405.79955583593
2024-12-07 00:00:00,99973.85150659826,95787.78888875857,94379.89132141817,52.131325262499715,4193.552449405121,4760.618363111614,-567.0659137064931,95787.78888875857,101612.88989845917,89962.68787905798
2024-12-08 00:00:00,99781.82999198174,96284.80679129009,94894.36167099566,54.474818421203324,4133.914341362353,4635.277558761762,-501.3632173994083,96284.80679129009,101651.9426855273,90917.67089705287
2024-12-09 00:00:00,101235.3717025316,96819.84414659154,95498.26738828479,56.54140280634955,4156.031238280251,4539.428294665459,-383.3970563852081,96819.84414659154,101899.16030124848,91740.52799193459
2024-12-10 00:00:00,97353.94700820888,97074.95887663282,95674.99878065851,59.26225282858274,3816.3677917226014,4394.816194076888,-578.4484023542864,97074.95887663282,101678.4499874722,92471.46776579345
2024-12-11 00:00:00,96649.71446771533,97196.59348520149,95767.8288460925,60.207582936832736,3450.5802415685903,4205.969003575228,-755.388762006638,97196.59348520149,101606.62394663849,92786.5630237645
2024-12-12 00:00:00,101123.61811033696,97327.31846116713,96277.90401411579,60.925431199209946,3481.564300642014,4061.0880629885855,-579.5237623465714,97327.31846116713,102045.40841931291,92609.22850302135
2024-12-12 00:39:59,101010.89120727764,97431.4882742543,96728.66469917883,61.465692738775275,3457.171154650452,3940.304681320959,-483.13352667050685,97431.4882742543,102384.48603633497,92478.49051217362
