Price,Adj Close,Close,High,Low,Open,Volume
Ticker,SPY,SPY,SPY,SPY,SPY,SPY
Date,,,,,,
2022-01-03,458.7203063964844,477.7099914550781,477.8500061035156,473.8500061035156,476.29998779296875,72668200
2022-01-04,458.566650390625,477.54998779296875,479.9800109863281,475.5799865722656,479.2200012207031,71178700
2022-01-05,449.7611999511719,468.3800048828125,477.9800109863281,468.2799987792969,477.1600036621094,104538900
2022-01-06,449.3387451171875,467.94000244140625,470.82000732421875,465.42999267578125,467.8900146484375,86858900
2022-01-07,447.5622253417969,466.0899963378906,469.20001220703125,464.6499938964844,467.95001220703125,85111600
2022-01-10,447.0052795410156,465.510009765625,465.739990234375,456.6000061035156,462.70001220703125,119362000
2022-01-11,451.07672119140625,469.75,469.8500061035156,462.04998779296875,465.2300109863281,74303100
2022-01-12,452.2961730957031,471.0199890136719,473.20001220703125,468.94000244140625,471.5899963378906,67605400
2022-01-13,446.0642395019531,464.5299987792969,472.8800048828125,463.44000244140625,472.19000244140625,91173100
2022-01-14,446.24664306640625,464.7200012207031,465.0899963378906,459.8999938964844,461.19000244140625,95890900
2022-01-18,438.3438415527344,456.489990234375,459.9599914550781,455.30999755859375,459.739990234375,109709100
2022-01-19,433.79229736328125,451.75,459.6099853515625,451.4599914550781,458.1300048828125,109357600
2022-01-20,428.9910583496094,446.75,458.739990234375,444.5,453.75,122379700
2022-01-21,420.5696716308594,437.9800109863281,448.05999755859375,437.95001220703125,445.55999755859375,202271200
2022-01-24,422.35565185546875,439.8399963378906,440.3800048828125,420.760009765625,432.0299987792969,251783900
2022-01-25,417.19915771484375,434.4700012207031,439.7200012207031,427.1499938964844,433.05999755859375,167997300
2022-01-26,416.1524963378906,433.3800048828125,444.0400085449219,428.8599853515625,440.7200012207031,186391100
2022-01-27,414.0975646972656,431.239990234375,441.5899963378906,429.45001220703125,438.260009765625,149878300
2022-01-28,424.3818664550781,441.95001220703125,442.0,427.82000732421875,432.67999267578125,164457400
2022-01-31,432.025390625,449.9100036621094,450.2799987792969,439.80999755859375,441.239990234375,152251400
2022-02-01,434.9446105957031,452.95001220703125,453.6300048828125,446.94000244140625,450.67999267578125,123155400
2022-02-02,439.169677734375,457.3500061035156,458.1199951171875,453.04998779296875,455.5,117361000
2022-02-03,428.8469543457031,446.6000061035156,452.9700012207031,445.7099914550781,450.95001220703125,118024400
2022-02-04,430.8635559082031,448.70001220703125,452.7799987792969,443.8299865722656,446.3500061035156,118454400
2022-02-07,429.4808349609375,447.260009765625,450.989990234375,445.8500061035156,449.510009765625,84472900
2022-02-08,433.0144958496094,450.94000244140625,451.9200134277344,445.2200012207031,446.7300109863281,81012000
2022-02-09,439.35211181640625,457.5400085449219,457.8800048828125,455.010009765625,455.2200012207031,92589900
2022-02-10,431.4588623046875,449.32000732421875,457.7099914550781,447.20001220703125,451.3399963378906,140103700
2022-02-11,422.9510498046875,440.4599914550781,451.6099853515625,438.94000244140625,449.4100036621094,153214600
2022-02-14,421.5682373046875,439.0199890136719,441.6000061035156,435.3399963378906,439.9200134277344,123006300
2022-02-15,428.3668518066406,446.1000061035156,446.2799987792969,443.17999267578125,443.7300109863281,88482700
2022-02-16,428.8469543457031,446.6000061035156,448.05999755859375,441.94000244140625,443.92999267578125,84863600
2022-02-17,419.68621826171875,437.05999755859375,446.57000732421875,436.4200134277344,443.2200012207031,102259100
2022-02-18,416.9687194824219,434.2300109863281,438.6600036621094,431.82000732421875,437.3299865722656,132642900
2022-02-22,412.49395751953125,429.57000732421875,435.5,425.8599853515625,431.8900146484375,124391800
2022-02-23,405.1769104003906,421.95001220703125,433.260009765625,421.3500061035156,432.6600036621094,132578000
2022-02-24,411.2744140625,428.29998779296875,428.760009765625,410.6400146484375,411.0199890136719,213942900
2022-02-25,420.3487243652344,437.75,437.8399963378906,427.8599853515625,429.6099853515625,121804500
2022-02-28,419.2732849121094,436.6300048828125,438.20001220703125,430.70001220703125,432.0299987792969,145615000
2022-03-01,412.88763427734375,429.9800109863281,437.1700134277344,427.1099853515625,435.0400085449219,137785900
2022-03-02,420.4832763671875,437.8900146484375,439.7200012207031,431.57000732421875,432.3699951171875,117726500
2022-03-03,418.3898620605469,435.7099914550781,441.1099853515625,433.79998779296875,440.4700012207031,105501700
2022-03-04,414.9906311035156,432.1700134277344,433.3699951171875,427.8800048828125,431.75,113978200
2022-03-07,402.7569885253906,419.42999267578125,432.29998779296875,419.3599853515625,431.54998779296875,137896600
2022-03-08,399.70343017578125,416.25,427.2099914550781,415.1199951171875,419.6199951171875,164772700
2022-03-09,410.4198303222656,427.4100036621094,429.510009765625,422.82000732421875,425.1400146484375,116990800
2022-03-10,408.5665588378906,425.4800109863281,426.42999267578125,420.44000244140625,422.5199890136719,93972700
2022-03-11,403.3716125488281,420.07000732421875,428.7699890136719,419.5299987792969,428.1199951171875,95636300
2022-03-14,400.4236145019531,417.0,424.54998779296875,415.7900085449219,420.8900146484375,95729200
2022-03-15,409.2291259765625,426.1700134277344,426.8399963378906,418.4200134277344,419.7699890136719,106219100
2022-03-16,418.3034973144531,435.6199951171875,435.67999267578125,424.79998779296875,429.8900146484375,144954800
2022-03-17,423.5368347167969,441.07000732421875,441.07000732421875,433.19000244140625,433.5899963378906,102676900
2022-03-18,428.1757507324219,444.5199890136719,444.8599853515625,437.2200012207031,438.0,106345500
2022-03-21,428.0505065917969,444.3900146484375,446.4599914550781,440.67999267578125,444.3399963378906,88349800
2022-03-22,433.05926513671875,449.5899963378906,450.5799865722656,445.8599853515625,445.8599853515625,74650400
2022-03-23,427.4822082519531,443.79998779296875,448.489990234375,443.7099914550781,446.9100036621094,79426100
2022-03-24,433.9262390136719,450.489990234375,450.5,444.760009765625,445.94000244140625,64736900
2022-03-25,436.0453186035156,452.69000244140625,452.9800109863281,448.42999267578125,451.1600036621094,77101300
2022-03-28,439.1469421386719,455.9100036621094,455.9100036621094,450.05999755859375,452.05999755859375,68529800
2022-03-29,444.5794982910156,461.54998779296875,462.07000732421875,457.17999267578125,460.0199890136719,86581500
2022-03-30,441.8343200683594,458.70001220703125,461.20001220703125,456.4700012207031,460.3399963378906,79666900
2022-03-31,435.033935546875,451.6400146484375,458.760009765625,451.1600036621094,457.8900146484375,121699900
2022-04-01,436.2668762207031,452.9200134277344,453.4599914550781,449.1400146484375,453.30999755859375,89048800
2022-04-04,440.00421142578125,456.79998779296875,456.9100036621094,452.260009765625,453.1300048828125,59601000
2022-04-05,434.4463195800781,451.0299987792969,457.8299865722656,449.82000732421875,455.2200012207031,74214500
2022-04-06,430.1021728515625,446.5199890136719,448.92999267578125,443.4700012207031,446.8900146484375,106898000
2022-04-07,432.2694396972656,448.7699890136719,450.69000244140625,443.5299987792969,445.5899963378906,78097200
2022-04-08,431.1135559082031,447.57000732421875,450.6300048828125,445.94000244140625,447.9700012207031,79272700
2022-04-11,423.7448425292969,439.9200134277344,445.0,439.3900146484375,444.1099853515625,89770500
2022-04-12,422.1747741699219,438.2900085449219,445.75,436.6499938964844,443.0799865722656,84363600
2022-04-13,427.01025390625,443.30999755859375,444.1099853515625,437.8399963378906,438.0299987792969,74070400
2022-04-14,421.6932067871094,437.7900085449219,444.7300109863281,437.67999267578125,443.54998779296875,97869500
2022-04-18,421.8665466308594,437.9700012207031,439.75,435.6099853515625,436.80999755859375,66002500
2022-04-19,428.6766052246094,445.0400085449219,445.79998779296875,437.67999267578125,437.8599853515625,77821000
2022-04-20,428.3587341308594,444.7099914550781,447.57000732421875,443.4800109863281,446.9200134277344,65224400
2022-04-21,421.9532775878906,438.05999755859375,450.010009765625,437.1000061035156,448.5400085449219,85417300
2022-04-22,410.37518310546875,426.0400085449219,438.0799865722656,425.44000244140625,436.9100036621094,132471800
2022-04-25,412.7544250488281,428.510009765625,428.69000244140625,418.8399963378906,423.6700134277344,119647700
2022-04-26,400.80072021484375,416.1000061035156,426.0400085449219,416.07000732421875,425.8299865722656,103996300
2022-04-27,401.9277038574219,417.2699890136719,422.9200134277344,415.010009765625,417.239990234375,122030000
2022-04-28,412.08013916015625,427.80999755859375,429.6400146484375,417.6000061035156,422.2900085449219,105449100
2022-04-29,396.85137939453125,412.0,425.8699951171875,411.2099914550781,423.5899963378906,145491100
2022-05-02,399.2402648925781,414.4800109863281,415.9200134277344,405.0199890136719,412.07000732421875,158312500
2022-05-03,401.0704040527344,416.3800048828125,418.92999267578125,413.3599853515625,415.010009765625,100028200
2022-05-04,413.2841491699219,429.05999755859375,429.6600036621094,413.7099914550781,417.0799865722656,144247900
2022-05-05,398.5948791503906,413.80999755859375,425.0,409.44000244140625,424.54998779296875,172929100
2022-05-06,396.2156982421875,411.3399963378906,414.79998779296875,405.7300109863281,411.1000061035156,151770800
2022-05-09,383.52996826171875,398.1700134277344,406.4100036621094,396.5,405.1000061035156,155586100
2022-05-10,384.4161071777344,399.0899963378906,406.0799865722656,394.82000732421875,404.489990234375,132497200
2022-05-11,378.3092956542969,392.75,404.0400085449219,391.9599914550781,398.07000732421875,142361000
2022-05-12,377.914306640625,392.3399963378906,395.79998779296875,385.1499938964844,389.3699951171875,125090800
2022-05-13,386.94940185546875,401.7200012207031,403.17999267578125,395.6099853515625,396.7099914550781,104174400
2022-05-16,385.37933349609375,400.0899963378906,403.9700012207031,397.6000061035156,399.9800109863281,78622400
2022-05-17,393.30670166015625,408.32000732421875,408.57000732421875,402.5799865722656,406.5299987792969,83029700
2022-05-18,377.45196533203125,391.8599853515625,403.79998779296875,390.54998779296875,403.5,117674500
2022-05-19,375.1401672363281,389.4599914550781,394.1400146484375,387.1099853515625,388.6199951171875,98510700
2022-05-20,375.3039855957031,389.6300048828125,397.0299987792969,380.5400085449219,393.25,131432200
2022-05-23,382.325927734375,396.9200134277344,397.7300109863281,390.3800048828125,392.8299865722656,76414900
2022-05-24,379.4073181152344,393.8900146484375,395.1499938964844,386.9599914550781,392.55999755859375,91448800
2022-05-25,382.7593078613281,397.3699951171875,399.45001220703125,391.8900146484375,392.30999755859375,91472900
2022-05-26,390.4074401855469,405.30999755859375,407.0400085449219,398.45001220703125,398.6700134277344,82168300
2022-05-27,399.9915771484375,415.260009765625,415.3800048828125,407.70001220703125,407.9100036621094,84768700
2022-05-31,397.7472229003906,412.92999267578125,416.4599914550781,410.0299987792969,413.54998779296875,95937000
2022-06-01,394.5300598144531,409.5899963378906,416.239990234375,406.92999267578125,415.1700134277344,86585800
2022-06-02,402.04327392578125,417.3900146484375,417.44000244140625,407.0400085449219,409.4200134277344,79609600
2022-06-03,395.4450988769531,410.5400085449219,414.0400085449219,409.510009765625,412.3999938964844,71874300
2022-06-06,396.6491394042969,411.7900085449219,416.6099853515625,410.54998779296875,414.7799987792969,57508900
2022-06-07,400.453857421875,415.739990234375,416.2200012207031,407.6099853515625,408.1000061035156,59272400
2022-06-08,396.1001281738281,411.2200012207031,415.82000732421875,410.3800048828125,413.92999267578125,64350000
2022-06-09,386.6797180175781,401.44000244140625,411.739990234375,401.44000244140625,409.3399963378906,86289800
2022-06-10,375.4676818847656,389.79998779296875,395.7799987792969,389.75,394.8800048828125,132893900
2022-06-13,361.2118835449219,375.0,381.80999755859375,373.29998779296875,379.8500061035156,170004900
2022-06-14,360.1234130859375,373.8699951171875,377.94000244140625,370.5899963378906,376.8500061035156,104011800
2022-06-15,365.2574768066406,379.20001220703125,383.8999938964844,372.1199951171875,377.3599853515625,125666800
2022-06-16,353.16888427734375,366.6499938964844,370.94000244140625,364.0799865722656,370.510009765625,134473300
2022-06-17,353.9302062988281,365.8599853515625,369.3800048828125,362.1700134277344,365.510009765625,111113900
2022-06-21,362.83990478515625,375.07000732421875,376.5299987792969,371.80999755859375,371.8900146484375,76811900
2022-06-22,362.1821594238281,374.3900146484375,378.7200012207031,370.17999267578125,370.6199951171875,90059400
2022-06-23,365.732421875,378.05999755859375,378.8299865722656,372.8900146484375,376.6400146484375,79292100
2022-06-24,377.3605041503906,390.0799865722656,390.0899963378906,381.3699951171875,381.3999938964844,98050300
2022-06-27,375.9190673828125,388.5899963378906,391.3599853515625,387.44000244140625,391.04998779296875,66009600
2022-06-28,368.2379455566406,380.6499938964844,393.1600036621094,380.5299987792969,390.2300109863281,86548900
2022-06-29,367.93804931640625,380.3399963378906,382.2699890136719,378.4200134277344,381.2300109863281,65676000
2022-06-30,364.9488830566406,377.25,380.6600036621094,372.55999755859375,376.239990234375,112508300
2022-07-01,368.8087463378906,381.239990234375,381.70001220703125,373.79998779296875,376.55999755859375,74839700
2022-07-05,369.5052490234375,381.9599914550781,381.9800109863281,372.8999938964844,375.8800048828125,81438000
2022-07-06,370.753173828125,383.25,385.8699951171875,379.6000061035156,382.1099853515625,70426200
2022-07-07,376.30596923828125,388.989990234375,389.8299865722656,383.2699890136719,385.1199951171875,64525900
2022-07-08,375.9964599609375,388.6700134277344,390.6400146484375,385.6600036621094,387.2699890136719,72397800
2022-07-11,371.70123291015625,384.2300109863281,386.8699951171875,383.5,385.8500061035156,58366900
2022-07-12,368.4120788574219,380.8299865722656,386.1600036621094,378.989990234375,383.6499938964844,62219200
2022-07-13,366.477294921875,378.8299865722656,381.9200134277344,374.6600036621094,375.1000061035156,84224600
2022-07-14,365.5873107910156,377.9100036621094,379.04998779296875,371.0400085449219,373.6099853515625,89704800
2022-07-15,372.5718994140625,385.1300048828125,385.25,380.5400085449219,382.54998779296875,79060400
2022-07-18,369.49560546875,381.95001220703125,389.0899963378906,380.6600036621094,388.3800048828125,63203600
2022-07-19,379.47906494140625,392.2699890136719,392.8699951171875,385.3900146484375,386.0799865722656,78506000
2022-07-20,381.8974914550781,394.7699890136719,396.260009765625,391.0299987792969,392.4700012207031,71843800
2022-07-21,385.7864074707031,398.7900085449219,398.8399963378906,391.6300048828125,394.1600036621094,64903900
2022-07-22,382.2071228027344,395.0899963378906,400.17999267578125,392.75,398.9200134277344,72197300
2022-07-25,382.67144775390625,395.57000732421875,396.4700012207031,393.2099914550781,395.75,53631500
2022-07-26,378.1440734863281,390.8900146484375,394.05999755859375,389.95001220703125,393.8399963378906,52946400
2022-07-27,387.9630432128906,401.0400085449219,402.8800048828125,394.04998779296875,394.3599853515625,82342100
2022-07-28,392.8291015625,406.07000732421875,406.79998779296875,398.1499938964844,401.8900146484375,73966600
2022-07-29,398.5560302734375,411.989990234375,413.0299987792969,406.7699890136719,407.5799865722656,87003700
2022-08-01,397.37579345703125,410.7699890136719,413.4100036621094,408.3999938964844,409.1499938964844,69997500
2022-08-02,394.7541809082031,408.05999755859375,413.0,406.82000732421875,409.1199951171875,63435400
2022-08-03,400.9358215332031,414.45001220703125,415.67999267578125,410.0,410.29998779296875,67820600
2022-08-04,400.6650085449219,414.1700134277344,415.0899963378906,412.44000244140625,414.3699951171875,45656600
2022-08-05,399.98779296875,413.4700012207031,414.1499938964844,409.6000061035156,409.6600036621094,56814900
2022-08-08,399.5234069824219,412.989990234375,417.6199951171875,411.8299865722656,415.25,53886100
2022-08-09,397.9368896484375,411.3500061035156,412.75,410.2200012207031,412.2200012207031,44931800
2022-08-10,406.2951965332031,419.989990234375,420.1400146484375,416.7200012207031,418.7799987792969,68665700
2022-08-11,406.2951965332031,419.989990234375,424.95001220703125,419.2099914550781,422.989990234375,59489700
2022-08-12,413.1733093261719,427.1000061035156,427.2099914550781,421.0299987792969,422.0299987792969,61694500
2022-08-15,414.87591552734375,428.8599853515625,429.4100036621094,424.7099914550781,424.7699890136719,54048300
2022-08-16,415.6885986328125,429.70001220703125,431.7300109863281,426.8800048828125,427.7300109863281,59289000
2022-08-17,412.7380065917969,426.6499938964844,429.5,424.5400085449219,425.9100036621094,63563400
2022-08-18,413.9376220703125,427.8900146484375,428.6099853515625,425.5,426.8599853515625,49023200
2022-08-19,408.37506103515625,422.1400146484375,425.260009765625,421.2200012207031,424.9800109863281,68016900
2022-08-22,399.8717041015625,413.3500061035156,417.2300109863281,412.3999938964844,417.04998779296875,77695600
2022-08-23,398.9043273925781,412.3500061035156,415.4200134277344,411.7699890136719,412.8999938964844,49105200
2022-08-24,400.1812744140625,413.6700134277344,415.1099853515625,411.3900146484375,412.1099853515625,49177800
2022-08-25,405.8308410644531,419.510009765625,419.55999755859375,414.0899963378906,415.239990234375,50942300
2022-08-26,392.0938720703125,405.30999755859375,419.9599914550781,405.25,419.3900146484375,103087000
2022-08-29,389.50128173828125,402.6300048828125,405.8399963378906,401.20001220703125,402.20001220703125,65370800
2022-08-30,385.225341796875,398.2099914550781,404.1000061035156,396.0,403.8500061035156,85652400
2022-08-31,382.2942199707031,395.17999267578125,401.239990234375,395.0400085449219,399.92999267578125,76029700
2022-09-01,383.4937744140625,396.4200134277344,396.7799987792969,390.0400085449219,392.8900146484375,78740100
2022-09-02,379.4499816894531,392.239990234375,401.55999755859375,390.3299865722656,400.2799987792969,99632100
2022-09-06,378.018310546875,390.760009765625,394.1199951171875,388.4200134277344,393.1300048828125,76637400
2022-09-07,384.80938720703125,397.7799987792969,398.5899963378906,390.20001220703125,390.42999267578125,70964200
2022-09-08,387.32464599609375,400.3800048828125,400.8599853515625,394.1199951171875,395.3900146484375,80821700
2022-09-09,393.341796875,406.6000061035156,407.510009765625,402.4599914550781,402.739990234375,76706900
2022-09-12,397.5693359375,410.9700012207031,411.7300109863281,408.4599914550781,408.7799987792969,69256300
2022-09-13,380.2819519042969,393.1000061035156,403.1000061035156,391.9200134277344,401.8299865722656,122947100
2022-09-14,381.73309326171875,394.6000061035156,396.20001220703125,391.1199951171875,394.4700012207031,85023700
2022-09-15,377.399169921875,390.1199951171875,395.9599914550781,388.7799987792969,392.9599914550781,87633800
2022-09-16,374.52008056640625,385.55999755859375,386.25,382.1099853515625,384.1400146484375,103084800
2022-09-19,377.42437744140625,388.54998779296875,388.54998779296875,382.17999267578125,382.260009765625,73278500
2022-09-20,373.0920715332031,384.0899963378906,386.1199951171875,381.20001220703125,385.05999755859375,77274900
2022-09-21,366.5839538574219,377.3900146484375,389.30999755859375,377.3800048828125,386.1099853515625,106746600
2022-09-22,363.5047607421875,374.2200012207031,378.29998779296875,373.44000244140625,376.5799865722656,89472600
2022-09-23,357.414306640625,367.95001220703125,370.6199951171875,363.2900085449219,370.5799865722656,122346900
2022-09-26,353.8785095214844,364.30999755859375,370.2099914550781,363.0299987792969,366.4100036621094,92581200
2022-09-27,352.97515869140625,363.3800048828125,370.3999938964844,360.8699951171875,368.0199890136719,108294100
2022-09-28,359.92041015625,370.5299987792969,372.29998779296875,362.6000061035156,364.3800048828125,110802200
2022-09-29,352.4020080566406,362.7900085449219,367.1099853515625,359.70001220703125,366.80999755859375,112952300
2022-09-30,346.95263671875,357.17999267578125,365.9100036621094,357.0400085449219,361.79998779296875,153711200
2022-10-03,356.11260986328125,366.6099853515625,368.54998779296875,359.2099914550781,361.0799865722656,89756500
2022-10-04,367.14739990234375,377.9700012207031,378.0,366.57000732421875,372.3999938964844,103602800
2022-10-05,366.29254150390625,377.0899963378906,379.4599914550781,370.95001220703125,373.3900146484375,88065700
2022-10-06,362.513916015625,373.20001220703125,378.7200012207031,372.67999267578125,375.6199951171875,82333500
2022-10-07,352.4020080566406,362.7900085449219,373.2900085449219,360.94000244140625,368.9700012207031,107789500
2022-10-10,349.7113037109375,360.0199890136719,364.2099914550781,357.6700134277344,363.9599914550781,76042800
2022-10-11,347.4966125488281,357.739990234375,363.0299987792969,355.7099914550781,358.239990234375,92482800
2022-10-12,346.3503723144531,356.55999755859375,359.82000732421875,356.29998779296875,358.1700134277344,76991800
2022-10-13,355.490966796875,365.9700012207031,367.510009765625,348.1099853515625,349.2099914550781,147254500
2022-10-14,347.3897705078125,357.6300048828125,370.260009765625,356.9599914550781,368.54998779296875,123737000
2022-10-17,356.3166198730469,366.82000732421875,367.9800109863281,357.2799987792969,364.010009765625,93168200
2022-10-18,360.5032043457031,371.1300048828125,375.45001220703125,367.5199890136719,375.1300048828125,97162900
2022-10-19,357.9485168457031,368.5,371.8500061035156,365.54998779296875,368.989990234375,79746900
2022-10-20,354.9469909667969,365.4100036621094,372.6700134277344,364.6099853515625,368.0299987792969,88283100
2022-10-21,363.57275390625,374.2900085449219,374.79998779296875,363.5400085449219,365.1199951171875,131038400
2022-10-24,368.0215759277344,378.8699951171875,380.05999755859375,373.1099853515625,375.8900146484375,85436900
2022-10-25,373.8984069824219,384.9200134277344,385.25,378.6700134277344,378.7900085449219,78846300
2022-10-26,371.08135986328125,382.0199890136719,387.5799865722656,381.3500061035156,381.6199951171875,104087300
2022-10-27,369.0998229980469,379.9800109863281,385.0,379.3299865722656,383.07000732421875,81971800
2022-10-28,377.88092041015625,389.0199890136719,389.5199890136719,379.67999267578125,379.8699951171875,100302000
2022-10-31,375.1513977050781,386.2099914550781,388.3999938964844,385.260009765625,386.44000244140625,96631300
2022-11-01,373.50982666015625,384.5199890136719,390.3900146484375,383.2900085449219,390.1400146484375,85407600
2022-11-02,364.1361083984375,374.8699951171875,388.6300048828125,374.760009765625,383.8999938964844,126990400
2022-11-03,360.38665771484375,371.010009765625,374.20001220703125,368.7900085449219,371.4700012207031,87100100
2022-11-04,365.57373046875,376.3500061035156,378.8699951171875,370.0,377.0,103505200
2022-11-07,369.0706481933594,379.95001220703125,380.57000732421875,375.5299987792969,377.7099914550781,68286900
2022-11-08,371.0619812011719,382.0,385.1199951171875,377.7200012207031,381.1099853515625,84641100
2022-11-09,363.41729736328125,374.1300048828125,381.1400146484375,373.6099853515625,379.92999267578125,78495500
2022-11-10,383.38861083984375,394.69000244140625,395.0400085449219,385.6400146484375,388.04998779296875,141455800
2022-11-11,387.0992431640625,398.510009765625,399.3500061035156,393.6099853515625,395.5899963378906,93839900
2022-11-14,383.8062744140625,395.1199951171875,400.17999267578125,394.8299865722656,396.6600036621094,71903500
2022-11-15,387.079833984375,398.489990234375,402.30999755859375,394.489990234375,401.1499938964844,93194500
2022-11-16,384.1268310546875,395.45001220703125,397.7799987792969,394.7900085449219,396.7799987792969,68508500
2022-11-17,382.9515075683594,394.239990234375,394.95001220703125,390.1400146484375,390.4599914550781,74496300
2022-11-18,384.69024658203125,396.0299987792969,397.80999755859375,393.0400085449219,397.739990234375,92922500
2022-11-21,383.2914733886719,394.5899963378906,395.82000732421875,392.6600036621094,394.6400146484375,51243200
2022-11-22,388.44940185546875,399.8999938964844,400.07000732421875,395.1499938964844,396.6300048828125,60429000
2022-11-23,390.8972473144531,402.4200134277344,402.92999267578125,399.30999755859375,399.54998779296875,68261600
2022-11-25,390.809814453125,402.3299865722656,402.9100036621094,401.5400085449219,401.8299865722656,30545400
2022-11-28,384.57366943359375,395.9100036621094,400.80999755859375,395.1099853515625,399.0899963378906,67881600
2022-11-29,383.9131164550781,395.2300109863281,397.29998779296875,393.29998779296875,396.04998779296875,52310000
2022-11-30,396.0066223144531,407.67999267578125,407.67999267578125,393.4800109863281,395.489990234375,144566700
2022-12-01,395.7152404785156,407.3800048828125,410.0,404.75,408.7699890136719,76398200
2022-12-02,395.2586975097656,406.9100036621094,407.8599853515625,402.1400146484375,402.25,85342700
2022-12-05,388.1483154296875,399.5899963378906,404.92999267578125,398.1700134277344,403.95001220703125,77289800
2022-12-06,382.55322265625,393.8299865722656,399.989990234375,391.6400146484375,399.4200134277344,77972200
2022-12-07,381.9024658203125,393.1600036621094,395.6400146484375,391.9700012207031,392.94000244140625,65927900
2022-12-08,384.8942565917969,396.239990234375,397.3599853515625,393.2699890136719,395.1400146484375,60737900
2022-12-09,382.01898193359375,393.2799987792969,397.6199951171875,393.1499938964844,394.94000244140625,81447700
2022-12-12,387.526611328125,398.95001220703125,398.95001220703125,393.4100036621094,394.1099853515625,75405800
2022-12-13,390.46014404296875,401.9700012207031,410.489990234375,399.07000732421875,410.2200012207031,123782500
2022-12-14,387.9637145996094,399.3999938964844,405.5,396.30999755859375,401.6099853515625,108111300
2022-12-15,378.4734802246094,389.6300048828125,395.25,387.8900146484375,394.29998779296875,117705900
2022-12-16,374.0051574707031,383.2699890136719,386.5799865722656,381.0400085449219,385.17999267578125,119858000
2022-12-19,370.833740234375,380.0199890136719,383.82000732421875,378.2799987792969,383.4700012207031,79878100
2022-12-20,371.3411560058594,380.5400085449219,382.2300109863281,377.8500061035156,379.2300109863281,74427200
2022-12-21,376.8936767578125,386.2300109863281,387.4100036621094,382.69000244140625,383.25,78167400
2022-12-22,371.5168151855469,380.7200012207031,386.2099914550781,374.7699890136719,383.04998779296875,100120900
2022-12-23,373.6539001464844,382.9100036621094,383.05999755859375,378.0299987792969,379.6499938964844,59857300
2022-12-27,372.180419921875,381.3999938964844,383.1499938964844,379.6499938964844,382.7900085449219,51638200
2022-12-28,367.55499267578125,376.6600036621094,383.3900146484375,376.4200134277344,381.3299865722656,70911500
2022-12-29,374.17108154296875,383.44000244140625,384.3500061035156,379.0799865722656,379.6300048828125,66970900
2022-12-30,373.18548583984375,382.42999267578125,382.5799865722656,378.42999267578125,380.6400146484375,84022200
2023-01-03,371.6144104003906,380.82000732421875,386.42999267578125,377.8299865722656,384.3699951171875,74850700
2023-01-04,374.48333740234375,383.760009765625,385.8800048828125,380.0,383.17999267578125,85934100
2023-01-05,370.2092590332031,379.3800048828125,381.8399963378906,378.760009765625,381.7200012207031,76970500
2023-01-06,378.69891357421875,388.0799865722656,389.25,379.4100036621094,382.6099853515625,104189600
2023-01-09,378.4842224121094,387.8599853515625,393.70001220703125,387.6700134277344,390.3699951171875,73978100
2023-01-10,381.13848876953125,390.5799865722656,390.6499938964844,386.2699890136719,387.25,65358100
2023-01-11,385.95904541015625,395.5199890136719,395.6000061035156,391.3800048828125,392.2300109863281,68881100
2023-01-12,387.3642578125,396.9599914550781,398.489990234375,392.4200134277344,396.6700134277344,90157700
2023-01-13,388.86700439453125,398.5,399.1000061035156,393.3399963378906,393.6199951171875,63903900
2023-01-17,388.1546630859375,397.7699890136719,400.2300109863281,397.05999755859375,398.4800109863281,62677300
2023-01-18,382.0264587402344,391.489990234375,400.1199951171875,391.2799987792969,399.010009765625,99632300
2023-01-19,379.24542236328125,388.6400146484375,391.0799865722656,387.260009765625,389.3599853515625,86958900
2023-01-20,386.3104248046875,395.8800048828125,396.0400085449219,388.3800048828125,390.1000061035156,91806400
2023-01-23,390.9455871582031,400.6300048828125,402.6499938964844,395.7200012207031,396.7200012207031,84178800
2023-01-24,390.52593994140625,400.20001220703125,401.1499938964844,397.6400146484375,398.8800048828125,59524900
2023-01-25,390.67230224609375,400.3500061035156,400.70001220703125,393.55999755859375,395.95001220703125,84800300
2023-01-26,394.9659423828125,404.75,404.9200134277344,400.0299987792969,403.1300048828125,72287400
2023-01-27,395.87347412109375,405.67999267578125,408.1600036621094,403.44000244140625,403.6600036621094,68346200
2023-01-30,390.9065246582031,400.5899963378906,405.1300048828125,400.2799987792969,402.79998779296875,74202000
2023-01-31,396.6541748046875,406.4800109863281,406.5299987792969,400.7699890136719,401.1300048828125,86811800
2023-02-01,400.8696594238281,410.79998779296875,413.6700134277344,402.3500061035156,405.2099914550781,101459200
2023-02-02,406.7052001953125,416.7799987792969,418.30999755859375,412.8800048828125,414.8599853515625,101654500
2023-02-03,402.3822326660156,412.3500061035156,416.9700012207031,411.0899963378906,411.5899963378906,94736800
2023-02-06,399.9231262207031,409.8299865722656,411.2900085449219,408.1000061035156,409.7900085449219,60295300
2023-02-07,405.15362548828125,415.19000244140625,416.489990234375,407.57000732421875,408.8699951171875,90990700
2023-02-08,400.7233581542969,410.6499938964844,414.5299987792969,409.92999267578125,413.1300048828125,76227500
2023-02-09,397.2493896484375,407.0899963378906,414.57000732421875,405.80999755859375,414.4100036621094,78694900
2023-02-10,398.17645263671875,408.0400085449219,408.44000244140625,405.010009765625,405.8599853515625,70769700
2023-02-13,402.8505859375,412.8299865722656,412.9700012207031,408.239990234375,408.7200012207031,64913500
2023-02-14,402.6652526855469,412.6400146484375,415.04998779296875,408.510009765625,411.239990234375,88389300
2023-02-15,403.9728698730469,413.9800109863281,414.05999755859375,409.4700012207031,410.3500061035156,61555700
2023-02-16,398.41064453125,408.2799987792969,412.9100036621094,408.1400146484375,408.7900085449219,76431500
2023-02-17,397.4152526855469,407.260009765625,407.510009765625,404.04998779296875,406.05999755859375,89257800
2023-02-21,389.4428405761719,399.0899963378906,404.1600036621094,398.82000732421875,403.05999755859375,82655900
2023-02-22,388.90606689453125,398.5400085449219,401.1300048828125,397.0199890136719,399.5199890136719,83742300
2023-02-23,390.9748229980469,400.6600036621094,402.20001220703125,396.25,401.55999755859375,96242400
2023-02-24,386.79827880859375,396.3800048828125,397.25,393.6400146484375,395.4200134277344,108194400
2023-02-27,388.1156311035156,397.7300109863281,401.2900085449219,396.75,399.8699951171875,80444700
2023-02-28,386.6811828613281,396.260009765625,399.2799987792969,396.1499938964844,397.2300109863281,96438600
2023-03-01,385.1979064941406,394.739990234375,396.69000244140625,393.3800048828125,395.4100036621094,99706800
2023-03-02,388.1936950683594,397.80999755859375,398.69000244140625,392.3299865722656,392.67999267578125,85127800
2023-03-03,394.41943359375,404.19000244140625,404.45001220703125,399.0299987792969,399.7099914550781,90120000
2023-03-06,394.6927490234375,404.4700012207031,407.45001220703125,404.010009765625,405.04998779296875,72795900
2023-03-07,388.6426086425781,398.2699890136719,404.6700134277344,397.6300048828125,404.4200134277344,108310600
2023-03-08,389.2768859863281,398.9200134277344,399.7099914550781,396.5899963378906,398.3900146484375,74746600
2023-03-09,382.09478759765625,391.55999755859375,401.4800109863281,390.5299987792969,399.739990234375,111945300
2023-03-10,376.58135986328125,385.9100036621094,393.1600036621094,384.32000732421875,390.989990234375,189253000
2023-03-13,376.0446472167969,385.3599853515625,390.3900146484375,380.6499938964844,381.80999755859375,157790000
2023-03-14,382.2607421875,391.7300109863281,393.45001220703125,387.04998779296875,390.5,149752400
2023-03-15,379.8699035644531,389.2799987792969,389.489990234375,383.7099914550781,385.8900146484375,172996900
2023-03-16,386.5347900390625,396.1099853515625,396.4700012207031,386.2900085449219,386.82000732421875,143254200
2023-03-17,382.0151672363281,389.989990234375,394.3999938964844,388.54998779296875,393.2200012207031,140553400
2023-03-20,385.6884765625,393.739990234375,394.1700134277344,390.07000732421875,390.79998779296875,93055800
2023-03-21,390.7527770996094,398.9100036621094,399.4100036621094,395.5799865722656,397.239990234375,91524200
2023-03-22,384.0918273925781,392.1099853515625,402.489990234375,392.07000732421875,398.7300109863281,111746600
2023-03-23,385.130126953125,393.1700134277344,399.2900085449219,390.3500061035156,395.0899963378906,119351300
2023-03-24,387.6573791503906,395.75,395.8399963378906,389.3999938964844,391.8399963378906,107682400
2023-03-27,388.3822326660156,396.489990234375,398.9200134277344,395.55999755859375,398.1199951171875,74010400
2023-03-28,387.51043701171875,395.6000061035156,396.489990234375,393.69000244140625,395.7699890136719,62871700
2023-03-29,393.1429138183594,401.3500061035156,401.6000061035156,398.67999267578125,399.92999267578125,77497900
2023-03-30,395.4447937011719,403.70001220703125,404.3500061035156,401.760009765625,404.0899963378906,69840000
2023-03-31,401.0184326171875,409.3900146484375,409.70001220703125,404.54998779296875,404.6600036621094,112062600
2023-04-03,402.54656982421875,410.95001220703125,411.3699951171875,408.44000244140625,408.8500061035156,67391100
2023-04-04,400.313232421875,408.6700134277344,411.9200134277344,407.239990234375,411.6199951171875,66601500
2023-04-05,399.2651062011719,407.6000061035156,408.70001220703125,405.8800048828125,407.9100036621094,65200200
2023-04-06,400.8225402832031,409.19000244140625,409.4800109863281,405.67999267578125,406.7699890136719,63743300
2023-04-10,401.23394775390625,409.6099853515625,409.69000244140625,405.9700012207031,406.6099853515625,63681000
2023-04-11,401.3417053222656,409.7200012207031,411.17999267578125,408.9200134277344,410.260009765625,59297900
2023-04-12,399.70587158203125,408.04998779296875,412.1700134277344,407.44000244140625,411.8699951171875,86420400
2023-04-13,405.0150451660156,413.4700012207031,413.8399963378906,407.989990234375,409.17999267578125,85814800
2023-04-14,404.0256652832031,412.4599914550781,415.0899963378906,410.05999755859375,412.80999755859375,78161500
2023-04-17,405.4754333496094,413.94000244140625,413.9599914550781,411.0899963378906,412.3699951171875,66436400
2023-04-18,405.7398681640625,414.2099914550781,415.7200012207031,412.7799987792969,415.5799865722656,63560000
2023-04-19,405.6713562011719,414.1400146484375,415.0799865722656,412.1600036621094,412.2200012207031,55227300
2023-04-20,403.45751953125,411.8800048828125,413.70001220703125,410.2699890136719,411.2099914550781,75840400
2023-04-21,403.77099609375,412.20001220703125,412.67999267578125,410.1700134277344,412.19000244140625,73457400
2023-04-24,404.19219970703125,412.6300048828125,413.07000732421875,410.6000061035156,411.989990234375,64332100
2023-04-25,397.7761535644531,406.0799865722656,411.1600036621094,406.0199890136719,410.5799865722656,97766700
2023-04-26,396.09130859375,404.3599853515625,407.8399963378906,403.7799987792969,406.7200012207031,80447000
2023-04-27,403.9766845703125,412.4100036621094,412.69000244140625,406.739990234375,407.0,92968400
2023-04-28,407.4246826171875,415.92999267578125,415.94000244140625,411.42999267578125,411.489990234375,89335600
2023-05-01,407.0133056640625,415.510009765625,417.6199951171875,415.2699890136719,415.4700012207031,62122300
2023-05-02,402.43878173828125,410.8399963378906,414.82000732421875,407.82000732421875,414.7699890136719,103998500
2023-05-03,399.6764831542969,408.0199890136719,413.8699951171875,407.7699890136719,411.3599853515625,91531800
2023-05-04,396.8455810546875,405.1300048828125,407.2699890136719,403.739990234375,406.92999267578125,94901900
2023-05-05,404.19219970703125,412.6300048828125,413.7200012207031,408.6400146484375,408.9100036621094,87844000
2023-05-08,404.2999267578125,412.739990234375,413.239990234375,411.2799987792969,412.9700012207031,50046800
2023-05-09,402.5269775390625,410.92999267578125,412.0899963378906,410.69000244140625,411.1300048828125,49220100
2023-05-10,404.40771484375,412.8500061035156,414.5400085449219,408.8699951171875,413.8800048828125,96142900
2023-05-11,403.7024230957031,412.1300048828125,412.42999267578125,409.9700012207031,411.95001220703125,70157100
2023-05-12,403.1734619140625,411.5899963378906,413.6400146484375,409.07000732421875,413.4200134277344,70439400
2023-05-15,404.5644226074219,413.010009765625,413.42999267578125,410.2300109863281,412.2200012207031,54289400
2023-05-16,401.8608703613281,410.25,412.82000732421875,410.239990234375,411.8599853515625,57705500
2023-05-17,406.73907470703125,415.2300109863281,415.8599853515625,410.6400146484375,412.3500061035156,87287000
2023-05-18,410.6572265625,419.2300109863281,419.6700134277344,414.6700134277344,414.8999938964844,97177200
2023-05-19,410.0597229003906,418.6199951171875,420.7200012207031,417.3500061035156,420.1700134277344,103679700
2023-05-22,410.22625732421875,418.7900085449219,420.3900146484375,417.3500061035156,418.6400146484375,60745400
2023-05-23,405.6223449707031,414.0899963378906,418.7200012207031,413.67999267578125,417.0799865722656,86383500
2023-05-24,402.6836853027344,411.0899963378906,412.82000732421875,409.8800048828125,412.4200134277344,89213700
2023-05-25,406.1708679199219,414.6499938964844,416.1600036621094,412.4100036621094,414.739990234375,90961600
2023-05-26,411.43109130859375,420.0199890136719,420.7699890136719,415.25,415.3299865722656,93830000
2023-05-30,411.5877685546875,420.17999267578125,422.5799865722656,418.739990234375,422.0299987792969,72216000
2023-05-31,409.30548095703125,417.8500061035156,419.2200012207031,416.2200012207031,418.2799987792969,110811800
2023-06-01,413.1943054199219,421.82000732421875,422.9200134277344,416.7900085449219,418.0899963378906,88865000
2023-06-02,419.1695861816406,427.9200134277344,428.739990234375,423.95001220703125,424.5,91366700
2023-06-05,418.3663330078125,427.1000061035156,429.6199951171875,426.3699951171875,428.2799987792969,65460200
2023-06-06,419.2773132324219,428.0299987792969,428.5799865722656,425.989990234375,426.6700134277344,64022200
2023-06-07,417.8275451660156,426.54998779296875,429.6199951171875,426.1099853515625,428.44000244140625,85373300
2023-06-08,420.35479736328125,429.1300048828125,429.6000061035156,425.82000732421875,426.6199951171875,61952800
2023-06-09,421.10906982421875,429.8999938964844,431.989990234375,428.8699951171875,429.9599914550781,85742800
2023-06-12,424.9293212890625,433.79998779296875,433.8800048828125,430.1700134277344,430.9200134277344,76104300
2023-06-13,427.7308044433594,436.6600036621094,437.3299865722656,434.6300048828125,435.32000732421875,95899700
2023-06-14,428.2402038574219,437.17999267578125,439.05999755859375,433.5899963378906,437.010009765625,100612100
2023-06-15,433.54937744140625,442.6000061035156,443.8999938964844,436.2300109863281,436.3299865722656,110303100
2023-06-16,432.0726013183594,439.4599914550781,443.6099853515625,438.9700012207031,443.0199890136719,114121300
2023-06-20,429.8309326171875,437.17999267578125,438.3699951171875,435.0299987792969,437.45001220703125,76160400
2023-06-21,427.62860107421875,434.94000244140625,436.989990234375,434.3299865722656,436.1600036621094,76982300
2023-06-22,429.1722106933594,436.510009765625,436.6199951171875,433.6000061035156,433.95001220703125,70637200
2023-06-23,425.92767333984375,433.2099914550781,435.05999755859375,432.4700012207031,432.92999267578125,92074500
2023-06-26,424.18743896484375,431.44000244140625,434.6099853515625,431.19000244140625,432.6199951171875,72823600
2023-06-27,428.837890625,436.1700134277344,436.80999755859375,431.8800048828125,432.3500061035156,72813700
2023-06-28,429.05419921875,436.3900146484375,437.44000244140625,434.4100036621094,435.04998779296875,75636000
2023-06-29,430.74530029296875,438.1099853515625,438.2799987792969,435.5400085449219,435.9599914550781,67882300
2023-06-30,435.8283996582031,443.2799987792969,444.29998779296875,441.1099853515625,441.44000244140625,104921500
2023-07-03,436.3298034667969,443.7900085449219,444.0799865722656,442.6300048828125,442.9200134277344,32793400
2023-07-05,435.680908203125,443.1300048828125,443.8900146484375,441.8999938964844,441.9100036621094,58418400
2023-07-06,432.2692565917969,439.6600036621094,440.1000061035156,437.05999755859375,439.4200134277344,80658300
2023-07-07,431.17791748046875,438.54998779296875,442.6400146484375,438.29998779296875,438.6300048828125,86076100
2023-07-10,432.2692565917969,439.6600036621094,439.8399963378906,437.5899963378906,438.17999267578125,62443500
2023-07-11,435.0221862792969,442.4599914550781,442.9700012207031,439.44000244140625,440.45001220703125,64463800
2023-07-12,438.5223388671875,446.0199890136719,447.4800109863281,444.9100036621094,446.3900146484375,91924500
2023-07-13,442.0028076171875,449.55999755859375,450.3800048828125,447.45001220703125,447.8999938964844,72425200
2023-07-14,441.7275085449219,449.2799987792969,451.3599853515625,448.489990234375,450.4800109863281,69761800
2023-07-17,443.26129150390625,450.8399963378906,451.92999267578125,449.0799865722656,449.1300048828125,52680200
2023-07-18,446.55499267578125,454.19000244140625,454.8599853515625,450.04998779296875,450.5,80744400
2023-07-19,447.54803466796875,455.20001220703125,456.42999267578125,454.1099853515625,455.010009765625,65891700
2023-07-20,444.5787353515625,452.17999267578125,455.1000061035156,451.44000244140625,454.1700134277344,70591600
2023-07-21,444.5787353515625,452.17999267578125,454.1700134277344,452.1700134277344,453.9599914550781,71245400
2023-07-24,446.5648193359375,454.20001220703125,455.0400085449219,452.29998779296875,453.3699951171875,54023400
2023-07-25,447.78399658203125,455.44000244140625,456.739990234375,453.8699951171875,453.9200134277344,55191200
2023-07-26,447.85284423828125,455.510009765625,456.989990234375,453.3800048828125,454.4700012207031,71052900
2023-07-27,444.8835754394531,452.489990234375,459.44000244140625,451.54998779296875,459.0199890136719,92194400
2023-07-28,449.2391052246094,456.9200134277344,457.7799987792969,452.489990234375,455.8800048828125,80011800
2023-07-31,450.094482421875,457.7900085449219,458.1600036621094,456.04998779296875,457.4100036621094,62040400
2023-08-01,448.8064880371094,456.4800109863281,457.25,455.489990234375,456.2699890136719,55291500
2023-08-02,442.5632629394531,450.1300048828125,453.5199890136719,449.3500061035156,453.25,93933400
2023-08-03,441.2948913574219,448.8399963378906,450.7900085449219,447.3699951171875,448.0400085449219,64276100
2023-08-04,439.2990417480469,446.80999755859375,452.8999938964844,446.2699890136719,450.7200012207031,100052300
2023-08-07,443.13348388671875,450.7099914550781,450.8699951171875,447.989990234375,448.7099914550781,58357500
2023-08-08,441.2064208984375,448.75,450.70001220703125,445.2699890136719,448.0799865722656,71361300
2023-08-09,438.2568664550781,445.75,449.20001220703125,444.9599914550781,449.0299987792969,78789600
2023-08-10,438.4141845703125,445.9100036621094,451.70001220703125,444.70001220703125,448.19000244140625,93005500
2023-08-11,438.1585693359375,445.6499938964844,446.70001220703125,443.3500061035156,443.9700012207031,68664600
2023-08-14,440.5771789550781,448.1099853515625,448.1099853515625,444.3800048828125,444.70001220703125,47867400
2023-08-15,435.4449462890625,442.8900146484375,446.6400146484375,442.29998779296875,446.2699890136719,75707500
2023-08-16,432.24957275390625,439.6400146484375,444.17999267578125,439.5299987792969,442.4599914550781,80107200
2023-08-17,428.9559020996094,436.2900085449219,441.42999267578125,435.75,441.1600036621094,95711300
2023-08-18,429.1623840332031,436.5,437.57000732421875,433.010009765625,433.3699951171875,98758400
2023-08-21,431.9546203613281,439.3399963378906,440.1099853515625,435.32000732421875,437.54998779296875,68719000
2023-08-22,430.78460693359375,438.1499938964844,441.17999267578125,437.57000732421875,441.17999267578125,65062900
2023-08-23,435.5826110839844,443.0299987792969,443.6700134277344,439.1000061035156,439.25,68441000
2023-08-24,429.54583740234375,436.8900146484375,445.2200012207031,436.8599853515625,444.69000244140625,88517300
2023-08-25,432.57403564453125,439.9700012207031,441.29998779296875,435.0,438.67999267578125,102325100
2023-08-28,435.317138671875,442.760009765625,443.3999938964844,439.9700012207031,442.239990234375,61595400
2023-08-29,441.6095275878906,449.1600036621094,449.45001220703125,442.4599914550781,442.6499938964844,83081900
2023-08-30,443.428466796875,451.010009765625,451.6700134277344,448.7799987792969,449.510009765625,69053900
2023-08-31,442.7795715332031,450.3500061035156,452.8299865722656,450.1600036621094,451.6499938964844,66084600
2023-09-01,443.60540771484375,451.19000244140625,453.6700134277344,449.67999267578125,453.1700134277344,58875700
2023-09-05,441.6882019042969,449.239990234375,451.05999755859375,449.1700134277344,450.7300109863281,55166200
2023-09-06,438.7189636230469,446.2200012207031,448.510009765625,443.80999755859375,448.3999938964844,70758500
2023-09-07,437.37200927734375,444.8500061035156,445.54998779296875,442.75,443.1099853515625,70355400
2023-09-08,438.0307312011719,445.5199890136719,447.1099853515625,444.5299987792969,444.8999938964844,61659700
2023-09-11,440.9114990234375,448.45001220703125,448.7699890136719,446.4700012207031,448.239990234375,60180100
2023-09-12,438.4928283691406,445.989990234375,448.5299987792969,445.3900146484375,446.95001220703125,67565400
2023-09-13,439.00408935546875,446.510009765625,447.7099914550781,445.0799865722656,446.2200012207031,60199300
2023-09-14,442.78936767578125,450.3599853515625,451.0799865722656,447.7200012207031,449.07000732421875,83430800
2023-09-15,437.45452880859375,443.3699951171875,447.4800109863281,442.9200134277344,447.1400146484375,111761400
2023-09-18,437.71099853515625,443.6300048828125,444.9700012207031,442.55999755859375,443.04998779296875,55752200
2023-09-19,436.8033142089844,442.7099914550781,443.2900085449219,439.94000244140625,442.67999267578125,66514600
2023-09-20,432.7876281738281,438.6400146484375,444.44000244140625,438.42999267578125,444.010009765625,82562600
2023-09-21,425.6343688964844,431.3900146484375,435.9700012207031,431.2300109863281,435.70001220703125,103976100
2023-09-22,424.6772766113281,430.4200134277344,434.1000061035156,429.989990234375,432.45001220703125,100829700
2023-09-25,426.4631652832031,432.2300109863281,432.2699890136719,428.7200012207031,429.1700134277344,70874500
2023-09-26,420.1978759765625,425.8800048828125,429.82000732421875,425.0199890136719,429.0899963378906,96168400
2023-09-27,420.3656005859375,426.04998779296875,427.6700134277344,422.2900085449219,427.0899963378906,104705800
2023-09-28,422.8026428222656,428.5199890136719,430.25,424.8699951171875,425.4800109863281,92258300
2023-09-29,421.7765197753906,427.4800109863281,431.8500061035156,425.9100036621094,431.6700134277344,115078500
2023-10-02,421.6087951660156,427.30999755859375,428.6000061035156,424.4599914550781,426.6199951171875,83798600
2023-10-03,415.965087890625,421.5899963378906,427.3699951171875,420.17999267578125,425.05999755859375,103760600
2023-10-04,418.994140625,424.6600036621094,425.42999267578125,420.55999755859375,422.07000732421875,87453000
2023-10-05,418.83624267578125,424.5,425.3699951171875,421.1700134277344,424.3599853515625,70142700
2023-10-06,423.8090515136719,429.5400085449219,431.1300048828125,420.6000061035156,421.9700012207031,113202700
2023-10-09,426.5223388671875,432.2900085449219,432.8800048828125,427.010009765625,427.5799865722656,80374400
2023-10-10,428.7423095703125,434.5400085449219,437.2200012207031,432.5299987792969,432.94000244140625,78607300
2023-10-11,430.49859619140625,436.32000732421875,436.5799865722656,433.17999267578125,435.6400146484375,62451700
2023-10-12,427.8740539550781,433.6600036621094,437.3399963378906,431.2300109863281,436.95001220703125,81154200
2023-10-13,425.7428894042969,431.5,436.45001220703125,429.8800048828125,435.2099914550781,95143100
2023-10-16,430.2222900390625,436.0400085449219,437.1400146484375,433.57000732421875,433.82000732421875,75433200
2023-10-17,430.2025451660156,436.0199890136719,438.1400146484375,432.45001220703125,432.80999755859375,75324700
2023-10-18,424.4700622558594,430.2099914550781,435.17999267578125,429.0899963378906,434.19000244140625,93559800
2023-10-19,420.7405090332031,426.42999267578125,432.82000732421875,425.7300109863281,430.95001220703125,121323000
2023-10-20,415.5704345703125,421.19000244140625,426.5400085449219,421.0799865722656,425.9800109863281,123845800
2023-10-23,414.85015869140625,420.4599914550781,424.45001220703125,417.79998779296875,419.6099853515625,92035100
2023-10-24,417.9779052734375,423.6300048828125,424.82000732421875,420.739990234375,422.6499938964844,78564200
2023-10-25,411.9789733886719,417.54998779296875,421.9200134277344,417.0199890136719,421.8900146484375,94223200
2023-10-26,407.0456848144531,412.54998779296875,417.3299865722656,411.6000061035156,416.45001220703125,115156800
2023-10-27,405.20062255859375,410.67999267578125,414.6000061035156,409.2099914550781,414.19000244140625,107367700
2023-10-30,410.045166015625,415.5899963378906,416.67999267578125,412.2200012207031,413.55999755859375,86562700
2023-10-31,412.6203308105469,418.20001220703125,418.5299987792969,414.2099914550781,416.17999267578125,79665200
2023-11-01,417.02081298828125,422.6600036621094,423.5,418.6499938964844,419.20001220703125,98068100
2023-11-02,425.0127868652344,430.760009765625,430.9200134277344,426.55999755859375,426.5799865722656,94938900
2023-11-03,428.8902893066406,434.69000244140625,436.2900085449219,433.010009765625,433.1400146484375,100110800
2023-11-06,429.8769836425781,435.69000244140625,436.1499938964844,433.67999267578125,435.4700012207031,67831700
2023-11-07,431.10040283203125,436.92999267578125,437.5899963378906,434.510009765625,435.69000244140625,64256100
2023-11-08,431.4161682128906,437.25,438.0899963378906,434.8699951171875,437.54998779296875,61746000
2023-11-09,428.0516662597656,433.8399963378906,438.4700012207031,433.3999938964844,438.42999267578125,83174400
2023-11-10,434.7313537597656,440.6099853515625,440.92999267578125,433.8299865722656,435.9800109863281,89462200
2023-11-13,434.3169250488281,440.19000244140625,441.3299865722656,438.4200134277344,439.2300109863281,52236100
2023-11-14,442.7430114746094,448.7300109863281,450.05999755859375,446.0899963378906,446.32000732421875,97176900
2023-11-15,443.6802978515625,449.67999267578125,451.3800048828125,448.79998779296875,450.1099853515625,77327600
2023-11-16,444.2229919433594,450.2300109863281,450.55999755859375,448.1199951171875,449.2200012207031,66665800
2023-11-17,444.7755126953125,450.7900085449219,451.4200134277344,449.2900085449219,450.239990234375,83133200
2023-11-20,448.1991882324219,454.260009765625,455.1300048828125,450.5199890136719,450.5299987792969,69936200
2023-11-21,447.222412109375,453.2699890136719,454.1300048828125,451.9599914550781,453.17999267578125,49244600
2023-11-22,448.9490661621094,455.0199890136719,456.3800048828125,453.8900146484375,454.9800109863281,59394900
2023-11-24,449.2253112792969,455.29998779296875,455.5,454.7300109863281,455.07000732421875,29737400
2023-11-27,448.416259765625,454.4800109863281,455.489990234375,454.0799865722656,454.6499938964844,50506000
2023-11-28,448.86029052734375,454.92999267578125,456.2699890136719,453.5,454.0799865722656,62115000
2023-11-29,448.54449462890625,454.6099853515625,458.32000732421875,454.20001220703125,457.1499938964844,63146000
2023-11-30,450.3106689453125,456.3999938964844,456.760009765625,453.3399963378906,455.4800109863281,79752700
2023-12-01,452.9746398925781,459.1000061035156,459.6499938964844,455.1600036621094,455.7699890136719,89097900
2023-12-04,450.5967712402344,456.69000244140625,459.1199951171875,454.3399963378906,455.6000061035156,72430900
2023-12-05,450.50799560546875,456.6000061035156,457.5899963378906,454.8699951171875,455.260009765625,69793500
2023-12-06,448.69256591796875,454.760009765625,458.8399963378906,454.30999755859375,458.80999755859375,69124700
2023-12-07,452.1162414550781,458.2300109863281,458.8999938964844,456.2900085449219,456.9100036621094,66995400
2023-12-08,454.0599670410156,460.20001220703125,460.75,457.2099914550781,457.4599914550781,83080900
2023-12-11,455.8260803222656,461.989990234375,462.1700134277344,459.4700012207031,459.69000244140625,65002200
2023-12-12,457.9079284667969,464.1000061035156,464.20001220703125,460.6000061035156,461.6300048828125,68327600
2023-12-13,464.2225341796875,470.5,470.760009765625,464.1199951171875,464.489990234375,93278000
2023-12-14,465.71240234375,472.010009765625,473.7300109863281,469.25,472.5,119026000
2023-12-15,464.9455871582031,469.3299865722656,470.70001220703125,467.42999267578125,469.489990234375,141319300
2023-12-18,467.5609436035156,471.9700012207031,472.9800109863281,469.8900146484375,470.9800109863281,70375300
2023-12-19,470.4041442871094,474.8399963378906,474.9200134277344,472.45001220703125,472.5299987792969,55761800
2023-12-20,463.8856201171875,468.260009765625,475.8999938964844,467.82000732421875,473.9599914550781,102921000
2023-12-21,468.28411865234375,472.70001220703125,472.9800109863281,468.8399963378906,471.3299865722656,86667500
2023-12-22,469.2252502441406,473.6499938964844,475.3800048828125,471.70001220703125,473.8599853515625,67126600
2023-12-26,471.2065734863281,475.6499938964844,476.5799865722656,473.989990234375,474.07000732421875,55387000
2023-12-27,472.0585632324219,476.510009765625,476.6600036621094,474.8900146484375,475.44000244140625,68000300
2023-12-28,472.2368469238281,476.69000244140625,477.54998779296875,476.260009765625,476.8800048828125,77158100
2023-12-29,470.8697509765625,475.30999755859375,477.0299987792969,473.29998779296875,476.489990234375,122234100
2024-01-02,468.23455810546875,472.6499938964844,473.6700134277344,470.489990234375,472.1600036621094,123623700
2024-01-03,464.4106750488281,468.7900085449219,471.19000244140625,468.1700134277344,470.42999267578125,103585900
2024-01-04,462.91473388671875,467.2799987792969,470.9599914550781,467.04998779296875,468.29998779296875,84232200
2024-01-05,463.5487976074219,467.9200134277344,470.44000244140625,466.42999267578125,467.489990234375,86060800
2024-01-08,470.1663818359375,474.6000061035156,474.75,468.29998779296875,468.42999267578125,74879100
2024-01-09,469.453125,473.8800048828125,474.92999267578125,471.3500061035156,471.8699951171875,65931400
2024-01-10,472.1080627441406,476.55999755859375,477.45001220703125,473.8699951171875,474.1600036621094,67310600
2024-01-11,471.9000549316406,476.3500061035156,478.1199951171875,472.260009765625,477.5899963378906,77940700
2024-01-12,472.2269287109375,476.67999267578125,478.6000061035156,475.2300109863281,477.8399963378906,57944000
2024-01-16,470.4932556152344,474.92999267578125,476.6099853515625,473.05999755859375,475.260009765625,85014900
2024-01-17,467.8779602050781,472.2900085449219,472.7900085449219,469.8699951171875,471.82000732421875,68843900
2024-01-18,472.0387268066406,476.489990234375,477.05999755859375,472.4200134277344,474.010009765625,91856200
2024-01-19,477.9232482910156,482.42999267578125,482.7200012207031,476.5400085449219,477.6499938964844,110733300
2024-01-22,478.9337158203125,483.45001220703125,485.2200012207031,482.7799987792969,484.010009765625,75844900
2024-01-23,480.3305358886719,484.8599853515625,485.1099853515625,482.8900146484375,484.010009765625,49945300
2024-01-24,480.8555908203125,485.3900146484375,488.7699890136719,484.8800048828125,487.80999755859375,81765000
2024-01-25,483.4709167480469,488.0299987792969,488.30999755859375,485.3900146484375,487.5799865722656,72525000
2024-01-26,482.8567199707031,487.4100036621094,489.1199951171875,486.5400085449219,487.5899963378906,76641600
2024-01-29,486.68060302734375,491.2699890136719,491.4200134277344,487.1700134277344,487.7300109863281,61322800
2024-01-30,486.30419921875,490.8900146484375,491.6199951171875,490.1099853515625,490.55999755859375,58618400
2024-01-31,478.3690185546875,482.8800048828125,489.0799865722656,482.8599853515625,488.6199951171875,126011100
2024-02-01,484.6300354003906,489.20001220703125,489.2300109863281,483.79998779296875,484.6300048828125,91891600
2024-02-02,489.7319030761719,494.3500061035156,496.04998779296875,489.29998779296875,489.6499938964844,99147700
2024-02-05,487.9486999511719,492.54998779296875,494.3800048828125,490.2300109863281,493.70001220703125,75757100
2024-02-06,489.3653564453125,493.9800109863281,494.32000732421875,492.04998779296875,493.5199890136719,55918600
2024-02-07,493.44683837890625,498.1000061035156,498.5299987792969,495.3599853515625,496.2900085449219,70556500
2024-02-08,493.664794921875,498.32000732421875,498.7099914550781,497.260009765625,498.1000061035156,52343600
2024-02-09,496.5179138183594,501.20001220703125,501.6499938964844,498.489990234375,498.8399963378906,63979400
2024-02-12,496.2999572753906,500.9800109863281,503.5,500.239990234375,501.1700134277344,56502300
2024-02-13,489.4643859863281,494.0799865722656,497.0899963378906,490.7200012207031,494.5299987792969,113099200
2024-02-14,493.9124755859375,498.57000732421875,499.07000732421875,494.3999938964844,496.7900085449219,68387800
2024-02-15,497.3203430175781,502.010009765625,502.20001220703125,498.79998779296875,499.2900085449219,61683000
2024-02-16,494.84368896484375,499.510009765625,502.8699951171875,498.75,501.70001220703125,75461200
2024-02-20,492.119384765625,496.760009765625,498.4100036621094,494.45001220703125,497.7200012207031,71736700
2024-02-21,492.56512451171875,497.2099914550781,497.3699951171875,493.55999755859375,495.4200134277344,59603800
2024-02-22,502.7590026855469,507.5,508.489990234375,503.0199890136719,504.010009765625,76402500
2024-02-23,503.10577392578125,507.8500061035156,510.1300048828125,507.1000061035156,509.2699890136719,61321800
2024-02-26,501.26312255859375,505.989990234375,508.75,505.8599853515625,508.29998779296875,50386700
2024-02-27,502.1943359375,506.92999267578125,507.1600036621094,504.75,506.70001220703125,48854500
2024-02-28,501.5306396484375,506.260009765625,506.8599853515625,504.9599914550781,505.3299865722656,56506600
2024-02-29,503.3336181640625,508.0799865722656,509.739990234375,505.3500061035156,508.07000732421875,83924800
2024-03-01,508.05902099609375,512.8499755859375,513.2899780273438,508.55999755859375,508.9800109863281,76805900
2024-03-04,507.5141906738281,512.2999877929688,514.2000122070312,512.0,512.030029296875,49799300
2024-03-05,502.4420166015625,507.17999267578125,510.70001220703125,504.9100036621094,510.239990234375,72855600
2024-03-06,504.9880065917969,509.75,512.0700073242188,508.4200134277344,510.54998779296875,68382400
2024-03-07,510.000732421875,514.8099975585938,515.8900146484375,509.80999755859375,513.1400146484375,58652100
2024-03-08,506.9396057128906,511.7200012207031,518.219970703125,511.1300048828125,515.4600219726562,86425500
2024-03-11,506.50372314453125,511.2799987792969,511.8800048828125,508.5,510.4800109863281,62557200
2024-03-12,511.952392578125,516.780029296875,517.3800048828125,510.8599853515625,513.4500122070312,73114400
2024-03-13,511.1498718261719,515.969970703125,517.2899780273438,514.489990234375,517.1099853515625,55104100
2024-03-14,510.13946533203125,514.9500122070312,517.1300048828125,511.82000732421875,516.969970703125,110171800
2024-03-15,506.63653564453125,509.8299865722656,511.70001220703125,508.1199951171875,510.2099914550781,107585800
2024-03-18,509.64752197265625,512.8599853515625,515.47998046875,512.4400024414062,514.0,88893300
2024-03-19,512.479736328125,515.7100219726562,516.0,511.1199951171875,512.1500244140625,60755300
2024-03-20,517.2198486328125,520.47998046875,520.6199951171875,515.0800170898438,515.77001953125,69594600
2024-03-21,518.9290771484375,522.2000122070312,524.1099853515625,521.9099731445312,523.3900146484375,60256100
2024-03-22,517.9452514648438,521.2100219726562,522.6099853515625,520.969970703125,522.1099853515625,79023000
2024-03-25,516.5142822265625,519.77001953125,520.9500122070312,519.6099853515625,519.7999877929688,48512100
2024-03-26,515.560302734375,518.8099975585938,521.5800170898438,518.4000244140625,521.22998046875,65463700
2024-03-27,519.8929443359375,523.1699829101562,523.2100219726562,519.489990234375,521.7100219726562,82999800
2024-03-28,519.7935791015625,523.0700073242188,524.6099853515625,522.780029296875,523.2100219726562,96294900
2024-04-01,518.8892822265625,522.1599731445312,524.3800048828125,520.969970703125,523.8300170898438,62477500
2024-04-02,515.590087890625,518.8400268554688,518.97998046875,516.47998046875,518.239990234375,74230300
2024-04-03,516.156494140625,519.4099731445312,520.9500122070312,517.6699829101562,517.719970703125,59155800
2024-04-04,509.8562316894531,513.0700073242188,523.8699951171875,512.760009765625,523.52001953125,96858100
2024-04-05,515.1826782226562,518.4299926757812,520.4400024414062,514.010009765625,514.4600219726562,74482100
2024-04-08,515.4707641601562,518.719970703125,520.1799926757812,517.8900146484375,519.1500244140625,48401800
2024-04-09,516.0670776367188,519.3200073242188,520.75,514.3499755859375,520.5,68124400
2024-04-10,510.899658203125,514.1199951171875,516.1599731445312,512.0900268554688,513.47998046875,82652800
2024-04-11,514.7553100585938,518.0,519.47998046875,512.0800170898438,515.6799926757812,70099000
2024-04-12,507.650146484375,510.8500061035156,515.8200073242188,509.0799865722656,514.3699951171875,92469100
2024-04-15,501.2902526855469,504.45001220703125,515.2999877929688,503.5799865722656,515.1300048828125,92101400
2024-04-16,500.3760070800781,503.5299987792969,506.5,502.2099914550781,504.94000244140625,73484000
2024-04-17,497.4146728515625,500.54998779296875,506.2200012207031,499.1199951171875,506.04998779296875,75910300
2024-04-18,496.3910827636719,499.5199890136719,504.1300048828125,498.55999755859375,501.9800109863281,74548100
2024-04-19,492.05841064453125,495.1600036621094,500.4599914550781,493.8599853515625,499.44000244140625,102129100
2024-04-22,496.58984375,499.7200012207031,502.3800048828125,495.42999267578125,497.8299865722656,67961000
2024-04-23,502.4826965332031,505.6499938964844,506.0899963378906,499.5299987792969,501.7799987792969,64633600
2024-04-24,502.24420166015625,505.4100036621094,507.3699951171875,503.1300048828125,506.55999755859375,55928100
2024-04-25,500.33624267578125,503.489990234375,504.2699890136719,497.489990234375,499.17999267578125,69122400
2024-04-26,505.0763854980469,508.260009765625,509.8800048828125,505.70001220703125,506.3500061035156,64306100
2024-04-29,506.8650817871094,510.05999755859375,510.75,507.25,510.0899963378906,46415400
2024-04-30,498.8357238769531,501.9800109863281,509.55999755859375,501.9800109863281,508.55999755859375,77483600
2024-05-01,497.2159423828125,500.3500061035156,508.19000244140625,499.8699951171875,501.3800048828125,80242800
2024-05-02,501.8665771484375,505.0299987792969,505.8900146484375,499.54998779296875,504.1499938964844,62550200
2024-05-03,508.08740234375,511.2900085449219,512.5499877929688,508.55999755859375,511.1600036621094,72756700
2024-05-06,513.3343505859375,516.5700073242188,516.6099853515625,513.2999877929688,513.75,47264700
2024-05-07,513.9007568359375,517.1400146484375,518.5700073242188,516.4500122070312,517.5599975585938,52561300
2024-05-08,513.950439453125,517.1900024414062,517.739990234375,515.1400146484375,515.260009765625,42047200
2024-05-09,516.9117431640625,520.1699829101562,520.2100219726562,516.7100219726562,517.3800048828125,43643700
2024-05-10,517.57763671875,520.8400268554688,522.6400146484375,519.5900268554688,521.8099975585938,52233200
2024-05-13,517.6470947265625,520.9099731445312,522.6699829101562,519.739990234375,522.5599975585938,36716400
2024-05-14,520.0221557617188,523.2999877929688,523.8300170898438,520.5599975585938,521.1099853515625,57535900
2024-05-15,526.4616088867188,529.780029296875,530.0800170898438,525.1799926757812,525.8300170898438,59504900
2024-05-16,525.3783569335938,528.6900024414062,531.52001953125,528.5399780273438,529.8800048828125,50244800
2024-05-17,526.1336669921875,529.4500122070312,529.52001953125,527.3200073242188,528.8099975585938,59187600
2024-05-20,526.7398071289062,530.0599975585938,531.5599975585938,529.1699829101562,529.5700073242188,37764200
2024-05-21,528.0316162109375,531.3599853515625,531.52001953125,529.0700073242188,529.280029296875,33437000
2024-05-22,526.5112915039062,529.8300170898438,531.3800048828125,527.5999755859375,530.6500244140625,48390000
2024-05-23,522.66552734375,525.9600219726562,533.0700073242188,524.719970703125,532.9600219726562,57211200
2024-05-24,526.1237182617188,529.4400024414062,530.27001953125,526.8800048828125,527.8499755859375,41258400
2024-05-28,526.4913940429688,529.8099975585938,530.510009765625,527.1099853515625,530.27001953125,36269600
2024-05-29,522.8046264648438,526.0999755859375,527.3099975585938,525.3699951171875,525.6799926757812,45190300
2024-05-30,519.33642578125,522.6099853515625,525.2000122070312,521.3300170898438,524.52001953125,46468500
2024-05-31,524.066650390625,527.3699951171875,527.5,518.3599853515625,523.5900268554688,90785800
2024-06-03,524.4939575195312,527.7999877929688,529.3099975585938,522.5999755859375,529.02001953125,46835700
2024-06-04,525.0802612304688,528.3900146484375,529.1500244140625,524.9600219726562,526.4600219726562,34632700
2024-06-05,531.3209228515625,534.6699829101562,534.6900024414062,528.72998046875,530.77001953125,47610400
2024-06-06,531.3109741210938,534.6599731445312,535.4199829101562,532.6799926757812,534.97998046875,30808500
2024-06-07,530.6651000976562,534.010009765625,536.8900146484375,532.5399780273438,533.6599731445312,43224500
2024-06-10,532.3046875,535.6599731445312,535.989990234375,532.5700073242188,533.1799926757812,35729300
2024-06-11,533.586669921875,536.9500122070312,537.010009765625,532.0499877929688,534.0700073242188,36383400
2024-06-12,537.9690551757812,541.3599853515625,544.1199951171875,540.2999877929688,541.6300048828125,63251300
2024-06-13,539.0521850585938,542.4500122070312,543.3300170898438,539.5900268554688,543.1500244140625,44760900
2024-06-14,539.3801879882812,542.780029296875,542.8099975585938,539.8499755859375,540.8800048828125,40089900
2024-06-17,543.6730346679688,547.0999755859375,548.530029296875,541.6099853515625,542.0800170898438,55839500
2024-06-18,545.0543823242188,548.489990234375,548.6199951171875,546.72998046875,547.1599731445312,41376400
2024-06-20,543.5736694335938,547.0,550.1199951171875,545.1799926757812,549.4400024414062,70328200
2024-06-21,542.844970703125,544.510009765625,545.6500244140625,543.02001953125,544.4000244140625,64513900
2024-06-24,541.080322265625,542.739990234375,546.9500122070312,542.6199951171875,544.3300170898438,45528700
2024-06-25,543.1640014648438,544.8300170898438,545.2000122070312,542.4400024414062,543.989990234375,38273300
2024-06-26,543.8419189453125,545.510009765625,546.239990234375,543.030029296875,543.6900024414062,38550600
2024-06-27,544.6992797851562,546.3699951171875,546.9600219726562,544.6099853515625,545.3699951171875,35041500
2024-06-28,542.5557861328125,544.219970703125,550.280029296875,542.9500122070312,547.1599731445312,76144500
2024-07-01,543.6724243164062,545.3400268554688,545.8800048828125,542.52001953125,545.6300048828125,40297800
2024-07-02,547.3311767578125,549.010009765625,549.010009765625,543.6500244140625,543.7000122070312,40434800
2024-07-03,549.7737426757812,551.4600219726562,551.8300170898438,548.6500244140625,548.6900024414062,32789900
2024-07-05,552.9439697265625,554.6400146484375,555.0499877929688,551.1199951171875,551.77001953125,41488400
2024-07-08,553.58203125,555.280029296875,556.25,554.1900024414062,555.4400024414062,36110500
2024-07-09,554.120361328125,555.8200073242188,557.1799926757812,555.52001953125,556.260009765625,27289700
2024-07-10,559.6035766601562,561.3200073242188,561.6699829101562,556.77001953125,557.0700073242188,38701200
2024-07-11,554.7783203125,556.47998046875,562.3300170898438,555.8300170898438,561.4400024414062,53054200
2024-07-12,558.277587890625,559.989990234375,563.6699829101562,557.1500244140625,557.6300048828125,53084400
2024-07-15,559.8129272460938,561.530029296875,564.8400268554688,559.6300048828125,562.030029296875,40584300
2024-07-16,563.1326904296875,564.8599853515625,565.1599731445312,562.0999755859375,562.8699951171875,36475300
2024-07-17,555.2369384765625,556.9400024414062,560.510009765625,556.6099853515625,558.7999877929688,57119000
2024-07-18,550.969970703125,552.6599731445312,559.52001953125,550.4299926757812,558.510009765625,56270400
2024-07-19,547.3112182617188,548.989990234375,554.0800170898438,547.9099731445312,552.4199829101562,65509100
2024-07-22,552.9539794921875,554.6500244140625,555.27001953125,551.02001953125,553.0,43346700
2024-07-23,552.0866088867188,553.780029296875,556.739990234375,553.280029296875,554.5399780273438,34439600
2024-07-24,539.574951171875,541.22998046875,549.1699829101562,540.2899780273438,548.8599853515625,74515300
2024-07-25,536.7635498046875,538.4099731445312,547.4600219726562,537.4500122070312,541.3499755859375,61158300
2024-07-26,542.775146484375,544.4400024414062,547.1900024414062,541.489990234375,542.280029296875,53763800
2024-07-29,543.0941772460938,544.760009765625,547.0499877929688,542.719970703125,546.02001953125,39515800
2024-07-30,540.3425903320312,542.0,547.3400268554688,538.52001953125,546.260009765625,46853600
2024-07-31,549.1256713867188,550.8099975585938,553.5,547.5800170898438,548.97998046875,65663400
2024-08-01,541.3495483398438,543.010009765625,554.8699951171875,539.4299926757812,552.5700073242188,76428700
2024-08-02,531.2704467773438,532.9000244140625,536.989990234375,528.5999755859375,535.75,82789100
2024-08-05,515.7979125976562,517.3800048828125,523.5800170898438,510.2699890136719,511.6400146484375,146267400
2024-08-06,520.5533447265625,522.1500244140625,529.75,517.8699951171875,519.219970703125,84826300
2024-08-07,517.073974609375,518.6599731445312,531.5900268554688,518.0499877929688,528.469970703125,70698300
2024-08-08,529.02734375,530.6500244140625,531.2899780273438,521.8400268554688,523.9099731445312,63276600
2024-08-09,531.3601684570312,532.989990234375,534.510009765625,528.5599975585938,529.8099975585938,45619600
2024-08-12,531.6393432617188,533.27001953125,535.72998046875,530.9500122070312,534.2100219726562,42542100
2024-08-13,540.3824462890625,542.0399780273438,542.280029296875,536.280029296875,536.530029296875,52333100
2024-08-14,542.0872802734375,543.75,544.9600219726562,540.1199951171875,542.8499755859375,42446900
2024-08-15,551.3787841796875,553.0700073242188,553.3599853515625,548.8800048828125,549.5,60846800
2024-08-16,552.614990234375,554.3099975585938,555.02001953125,551.260009765625,551.4199829101562,44430700
2024-08-19,557.8987426757812,559.6099853515625,559.6099853515625,553.8599853515625,554.72998046875,39121800
2024-08-20,556.9915771484375,558.7000122070312,560.8400268554688,557.3300170898438,559.1500244140625,33732300
2024-08-21,558.9057006835938,560.6199951171875,562.1099853515625,554.72998046875,559.77001953125,41514600
2024-08-22,554.5191040039062,556.219970703125,563.1799926757812,554.97998046875,562.5599975585938,56121500
2024-08-23,560.4110717773438,562.1300048828125,563.0900268554688,557.2899780273438,559.530029296875,50639400
2024-08-26,559.0751342773438,560.7899780273438,563.9099731445312,559.0499877929688,563.1799926757812,35788600
2024-08-27,559.8428344726562,561.5599975585938,562.0599975585938,558.3200073242188,559.489990234375,32693900
2024-08-28,556.5927734375,558.2999877929688,561.6500244140625,555.0399780273438,561.2100219726562,41066000
2024-08-29,556.642578125,558.3499755859375,563.6799926757812,557.1799926757812,560.3099975585938,38715200
2024-08-30,561.956298828125,563.6799926757812,564.2000122070312,557.1400146484375,560.77001953125,62700100
2024-09-03,550.3917846679688,552.0800170898438,560.8099975585938,549.510009765625,560.469970703125,60600100
2024-09-04,549.2652587890625,550.9500122070312,554.4299926757812,549.4600219726562,550.2000122070312,47224900
2024-09-05,547.9293212890625,549.6099853515625,553.7999877929688,547.0999755859375,550.8900146484375,44264300
2024-09-06,538.7076416015625,540.3599853515625,551.5999755859375,539.4400024414062,549.9400024414062,68493800
2024-09-09,544.7391357421875,546.4099731445312,547.7100219726562,542.6799926757812,544.6500244140625,40445800
2024-09-10,547.11181640625,548.7899780273438,549.1500244140625,543.3800048828125,548.3599853515625,36394600
2024-09-11,552.724609375,554.4199829101562,555.3599853515625,539.9600219726562,548.7000122070312,75248600
2024-09-12,557.38037109375,559.0900268554688,559.4000244140625,552.739990234375,555.010009765625,51892700
2024-09-13,560.2914428710938,562.010009765625,563.030029296875,559.4500122070312,559.7100219726562,39310500
2024-09-16,561.118896484375,562.8400268554688,563.1099853515625,559.9000244140625,561.739990234375,36656100
2024-09-17,561.3482055664062,563.0700073242188,566.5800170898438,560.7899780273438,565.0999755859375,49321000
2024-09-18,559.683349609375,561.4000244140625,568.6900024414062,560.8300170898438,563.739990234375,59044900
2024-09-19,569.2340087890625,570.97998046875,572.8800048828125,568.0800170898438,571.010009765625,75315500
2024-09-20,568.25,568.25,569.3099975585938,565.1699829101562,567.8400268554688,77503100
2024-09-23,569.6699829101562,569.6699829101562,570.3300170898438,568.0999755859375,569.3400268554688,44116900
2024-09-24,571.2999877929688,571.2999877929688,571.3599853515625,567.5999755859375,570.47998046875,46805700
2024-09-25,570.0399780273438,570.0399780273438,571.8900146484375,568.9099731445312,571.1400146484375,38428600
2024-09-26,572.2999877929688,572.2999877929688,574.7100219726562,569.9000244140625,574.3800048828125,48336000
2024-09-27,571.469970703125,571.469970703125,574.219970703125,570.4199829101562,573.3900146484375,42100900
2024-09-30,573.760009765625,573.760009765625,574.3800048828125,568.0800170898438,570.4199829101562,63557400
2024-10-01,568.6199951171875,568.6199951171875,574.0599975585938,566.0,573.4000244140625,72668800
2024-10-02,568.8599853515625,568.8599853515625,569.9000244140625,565.27001953125,567.7100219726562,38097800
2024-10-03,567.8200073242188,567.8200073242188,569.7999877929688,565.489990234375,567.3599853515625,40846500
2024-10-04,572.97998046875,572.97998046875,573.3599853515625,568.0999755859375,572.3499755859375,42939100
2024-10-07,567.7999877929688,567.7999877929688,571.9600219726562,566.6300048828125,571.2999877929688,49964700
2024-10-08,573.1699829101562,573.1699829101562,573.780029296875,569.530029296875,570.4199829101562,37398700
2024-10-09,577.1400146484375,577.1400146484375,577.7100219726562,572.5499877929688,573.1599731445312,37912200
2024-10-10,576.1300048828125,576.1300048828125,577.5800170898438,574.489990234375,575.77001953125,44138100
2024-10-11,579.5800170898438,579.5800170898438,580.3300170898438,575.9099731445312,576.0499877929688,42268000
2024-10-14,584.3200073242188,584.3200073242188,585.27001953125,580.72998046875,581.219970703125,36217200
2024-10-15,579.780029296875,579.780029296875,584.9000244140625,578.5399780273438,584.5900268554688,54203600
2024-10-16,582.2999877929688,582.2999877929688,582.8300170898438,578.9600219726562,579.780029296875,30725400
2024-10-17,582.3499755859375,582.3499755859375,586.1199951171875,582.1599731445312,585.9099731445312,34393700
2024-10-18,584.5900268554688,584.5900268554688,585.3900146484375,582.5800170898438,584.0700073242188,37416800
2024-10-21,583.6300048828125,583.6300048828125,584.8499755859375,580.5999755859375,583.8499755859375,36439000
2024-10-22,583.3200073242188,583.3200073242188,584.5,580.3800048828125,581.0499877929688,34183800
2024-10-23,577.989990234375,577.989990234375,581.7100219726562,574.4199829101562,581.260009765625,49314600
2024-10-24,579.239990234375,579.239990234375,580.0599975585938,576.5700073242188,579.97998046875,34979900
2024-10-25,579.0399780273438,579.0399780273438,584.4600219726562,578.0800170898438,581.510009765625,47268200
2024-10-28,580.8300170898438,580.8300170898438,582.7100219726562,580.52001953125,582.5800170898438,30174700
2024-10-29,581.77001953125,581.77001953125,582.9099731445312,578.4299926757812,579.8499755859375,42899700
2024-10-30,580.010009765625,580.010009765625,583.3200073242188,579.2899780273438,581.2899780273438,41435800
2024-10-31,568.6400146484375,568.6400146484375,575.6300048828125,568.4400024414062,575.5599975585938,60182500
2024-11-01,571.0399780273438,571.0399780273438,575.5499877929688,570.6199951171875,571.3200073242188,45667500
2024-11-04,569.8099975585938,569.8099975585938,572.5,567.8900146484375,571.1799926757812,38217000
2024-11-05,576.7000122070312,576.7000122070312,576.739990234375,570.52001953125,570.739990234375,39478300
2024-11-06,591.0399780273438,591.0399780273438,591.9299926757812,585.3900146484375,589.2000122070312,68182000
2024-11-07,595.6099853515625,595.6099853515625,596.6500244140625,593.0,593.0800170898438,47233200
2024-11-08,598.1900024414062,598.1900024414062,599.6400146484375,596.1699829101562,596.1699829101562,46444900
2024-11-11,598.760009765625,598.760009765625,600.1699829101562,597.0,599.8099975585938,37586800
2024-11-12,596.9000244140625,596.9000244140625,599.2899780273438,594.3699951171875,598.6799926757812,43006100
2024-11-13,597.1900024414062,597.1900024414062,599.22998046875,594.9600219726562,597.3699951171875,47388600
2024-11-14,593.3499755859375,593.3499755859375,597.8099975585938,592.6500244140625,597.3200073242188,38904100
2024-11-15,585.75,585.75,590.2000122070312,583.8599853515625,589.719970703125,75988800
2024-11-18,588.1500244140625,588.1500244140625,589.489990234375,585.3400268554688,586.219970703125,37084100
2024-11-19,590.2999877929688,590.2999877929688,591.0399780273438,584.030029296875,584.7100219726562,49412000
2024-11-20,590.5,590.5,590.7899780273438,584.6300048828125,590.3800048828125,50032600
2024-11-21,593.6699829101562,593.6699829101562,595.1199951171875,587.4500122070312,593.4000244140625,46750300
2024-11-22,595.510009765625,595.510009765625,596.1500244140625,593.1500244140625,593.6599731445312,38226400
2024-11-25,597.530029296875,597.530029296875,600.8599853515625,595.2000122070312,599.52001953125,42441400
2024-11-26,600.6500244140625,600.6500244140625,601.3300170898438,598.0700073242188,598.7999877929688,45621300
2024-11-27,598.8300170898438,598.8300170898438,600.8499755859375,597.280029296875,600.4600219726562,34000200
2024-11-29,602.5499877929688,602.5499877929688,603.3499755859375,599.3800048828125,599.6599731445312,30177400
2024-12-02,603.6300048828125,603.6300048828125,604.3200073242188,602.469970703125,602.969970703125,31746000
2024-12-03,603.9099731445312,603.9099731445312,604.1599731445312,602.3400268554688,603.3900146484375,26906600
2024-12-04,607.6599731445312,607.6599731445312,607.9099731445312,604.9500122070312,605.6300048828125,42787600
2024-12-05,606.6599731445312,606.6599731445312,608.47998046875,606.2999877929688,607.6599731445312,28762200
2024-12-06,607.8099975585938,607.8099975585938,609.0700073242188,607.02001953125,607.4400024414062,31241500
2024-12-09,604.6799926757812,604.6799926757812,607.8599853515625,604.0800170898438,607.6900024414062,34742700
2024-12-10,602.7999877929688,602.7999877929688,605.7999877929688,602.1300048828125,605.3699951171875,37172600
