Date,Adj Close,Close,High,Low,Open,Volume,SMA_20,EMA_20,RSI_14,MACD_line,MACD_signal,MACD_histogram,Bollinger_Middle,Bollinger_Upper,Bollinger_Lower,ATR_14
2023-12-13,239.2899932861328,239.2899932861328,240.3000030517578,228.1999969482422,234.19000244140625,146286300,,239.2899932861328,,0.0,0.0,0.0,239.2899932861328,,,12.100006103515625
2023-12-14,251.0500030517578,251.0500030517578,253.8800048828125,240.7899932861328,241.22000122070312,160829200,,240.40999421619233,100.0,0.9381204371438798,0.18762408742877598,0.7504963497151038,245.1699981689453,261.80116347313225,228.5388328647584,12.4320068359375
2023-12-15,253.5,253.5,254.1300048828125,248.3000030517578,251.2100067138672,135720800,,241.65666143369782,100.0,1.857865602433833,0.5216723904297874,1.3361932120040456,247.94666544596353,263.1393085239392,232.7540223679879,11.551739501953126
2023-12-18,252.0800018310547,252.0800018310547,258.739990234375,251.36000061035156,253.77999877929688,116416500,,242.64936051916038,90.91492178286643,2.444015201620516,0.9061409526679333,1.537874248952583,248.97999954223633,262.0552460842902,235.9047530001824,10.995506184895834
2023-12-19,257.2200012207031,257.2200012207031,258.3399963378906,253.0099945068359,253.47999572753903,106737400,,244.03704058597398,93.16322639938936,3.28542563432714,1.3819978889997748,1.9034277453273654,250.62799987792968,264.13872362725294,237.1172761286064,10.364104627821181
2023-12-20,247.13999938964844,247.13999938964844,259.8399963378906,247.0,256.4100036621094,125097000,,244.3325604720382,62.722859887248205,3.1031068741774845,1.726219686035317,1.3768871881421676,250.04666646321616,262.462079864385,237.63125306204734,10.694223522497108
2023-12-21,254.5,254.5,254.8000030517578,248.5500030517578,251.8999938964844,109594200,,245.3008880461298,69.90317199858953,3.512024055237248,2.083380559875703,1.4286434953615448,250.682856968471,262.5059170201782,238.85979691676377,10.28966087444541
2023-12-22,252.5399932861328,252.5399932861328,258.2200012207031,251.3699951171875,256.760009765625,93249800,,245.99032664041582,66.49240175614662,3.6360238859557796,2.3939092250917184,1.2421146608640612,250.9149990081787,261.93951608523395,239.8904819311235,9.831040238321439
2023-12-26,256.6099853515625,256.6099853515625,257.9700012207031,252.91000366210935,254.4900054931641,86892400,,247.00172270814406,69.57503380973355,4.016410312553518,2.7184094425840786,1.2980008699694392,251.5477752685547,262.53695578074627,240.55859475636308,9.244235931154622
2023-12-27,261.44000244140625,261.44000244140625,263.3399963378906,257.5199890136719,258.3500061035156,106494400,,248.37679696845476,72.5697971891128,4.653963317054348,3.1055202174781327,1.5484430995762155,252.53699798583983,264.64016046061727,240.4338355110624,8.90900593851109
2023-12-28,253.17999267578125,253.17999267578125,265.1300048828125,252.7100067138672,263.6600036621094,113619900,,248.83424417867633,62.114069032074845,4.441515879823612,3.3727193499472286,1.0687965298763835,252.59545204856178,264.084065120187,241.1068389769366,9.37713823590232
2023-12-29,248.47999572753903,248.47999572753903,255.19000244140625,247.42999267578125,255.1000061035156,100615300,,248.80050623094897,57.407704417986785,3.8495243604260736,3.468080352042998,0.3814440083830757,252.25249735514322,263.46119757081476,241.0437971394717,9.16152110653201
2024-01-02,248.4199981689453,248.4199981689453,251.25,244.41000366210935,250.0800018310547,104654200,,248.764267367901,57.3522313849735,3.337057987444183,3.441875879123235,-0.10481789167905209,251.9576897254357,262.8977436779909,241.01763577288054,8.851984470713163
2024-01-03,238.4499969482422,238.4499969482422,245.67999267578125,236.32000732421875,244.97999572753903,121082600,,247.78195589936206,49.41715514112574,2.1021961108074834,3.173939925460085,-1.0717438146526015,250.99285452706474,263.7446798344446,238.2410292196849,9.285051987248282
2024-01-04,237.92999267578125,237.92999267578125,242.6999969482422,237.72999572753903,239.25,102629300,,246.84367368759246,49.06310278023926,1.0692732613851774,2.7530065926451037,-1.6837333312599263,250.1219970703125,264.13976005949655,236.10423408112842,8.709711885042266
2024-01-05,237.4900054931641,237.4900054931641,240.1199951171875,234.8999938964844,236.86000061035156,92379400,,245.95284814526596,38.93242295383808,0.21271907976137072,2.2449490900683573,-2.0322300103069866,249.33249759674072,264.2753767283147,234.3896184651667,8.244417129797043
2024-01-08,240.4499969482422,240.4499969482422,241.25,235.3000030517578,236.13999938964844,85166600,,245.42876707888274,39.43661797869104,-0.22466985335375966,1.751025301383934,-1.9756951547376937,248.80999755859375,263.90630380069325,233.71369131649425,7.938494438923063
2024-01-09,234.9600067138672,234.9600067138672,238.9600067138672,232.0399932861328,238.11000061035156,96705700,,244.4317422822146,36.998787918116086,-1.0027410891250952,1.2002720232821282,-2.2030131124072234,248.0405536227756,264.07551031527134,232.00559693027986,8.001362335347904
2024-01-10,233.94000244140625,233.94000244140625,235.5,231.2899932861328,235.1000061035156,91628500,,243.43252896404238,31.140636488283192,-1.68228167348272,0.6237612839291586,-2.3060429574118784,247.29841935007195,264.171279509881,230.42555919026293,7.4958482524838095
2024-01-11,227.22000122070312,227.22000122070312,230.92999267578125,225.3699951171875,230.57000732421875,105873600,246.29449844360352,241.88847870277198,32.93351785416874,-2.7315824375399984,-0.04730746036467272,-2.684274977175326,246.29449844360352,265.01181986535784,227.5771770218492,7.639069462048468
2024-01-12,218.88999938964844,218.88999938964844,225.33999633789065,217.1499938964844,220.0800018310547,122889000,245.2744987487793,239.69814733961735,19.989887484115584,-4.187056601742626,-0.8752572886402633,-3.3117993131023624,245.2744987487793,267.4946487509892,223.05434874656942,7.963194510337836
2024-01-16,219.91000366210935,219.91000366210935,223.4900054931641,212.17999267578125,215.1000061035156,115355000,243.71749877929688,237.81356222747374,22.058580266222563,-5.198301755930231,-1.739866182098257,-3.458435573831974,243.71749877929688,268.455101722449,218.97989583614475,8.40943695127717
2024-01-17,215.5500030517578,215.5500030517578,215.6699981689453,212.0099945068359,214.86000061035156,103164400,241.81999893188475,235.69322325835793,15.013653077903726,-6.279154255838222,-2.64772379684625,-3.631430458991972,241.81999893188475,269.0904113504799,214.5495865132896,8.34151324514334
2024-01-18,211.8800048828125,211.8800048828125,217.4499969482422,208.7400054931641,216.8800048828125,108595400,239.80999908447265,233.42529769878217,6.9193262999285565,-7.347182088265043,-3.587615455130009,-3.7595666331350346,239.80999908447265,269.6967738940659,209.9232242748794,8.39064367313464
2024-01-19,212.19000244140625,212.19000244140625,213.19000244140625,207.55999755859375,209.9900054931641,102095800,237.55849914550782,231.40288862665113,8.6544185866112,-8.075498310269893,-4.485192026157986,-3.5903062841119073,237.55849914550782,268.6818960516539,206.43510223936178,8.022558501091689
2024-01-22,208.8000030517578,208.8000030517578,217.8000030517578,206.27000427246097,212.2599945068359,117952500,235.6414993286133,229.25023285761367,8.889339268222727,-8.824515263889282,-5.353056673704245,-3.471458590185037,235.6414993286133,268.9278515210642,202.3551471361624,8.490217204852376
2024-01-23,209.13999938964844,209.13999938964844,215.6499938964844,207.75,211.3000030517578,106605900,233.3734992980957,227.33497252733127,9.53850786956518,-9.28366541696289,-6.139178422355974,-3.1444869946069156,233.3734992980957,267.42213593361316,199.32486266257823,8.411520763736647
2024-01-24,207.8300018310547,207.8300018310547,212.72999572753903,206.77000427246097,211.8800048828125,123369900,231.13799972534179,225.47735627054303,11.60981093322772,-9.642102915732153,-6.839763321031211,-2.8023395947009417,231.13799972534179,265.75435568231,196.5216437683736,8.084650189248837
2024-01-25,182.6300048828125,182.6300048828125,193.0,180.05999755859375,189.6999969482422,198076800,227.4390007019043,221.3966561383782,7.171610885553761,-11.823304668009655,-7.8364715904269,-3.986833077582755,227.4390007019043,266.1618733393504,188.71612806445822,10.709364067010451
2024-01-26,183.25,183.25,186.77999877929688,182.1000061035156,185.5,107343200,223.52950057983398,217.76364126805646,8.109340084222623,-13.348026605112295,-8.93878259336398,-4.409244011748315,223.52950057983398,263.5646297588551,183.49437140081284,9.90544788151323
2024-01-29,190.92999267578125,190.92999267578125,191.47999572753903,183.6699981689453,185.6300048828125,125013100,220.417000579834,215.20805568783976,14.353569505609329,-13.77784606767898,-9.906595288226981,-3.871250779451998,220.417000579834,260.42536301850396,180.40863814116403,9.682054260983337
2024-01-30,191.58999633789065,191.58999633789065,196.36000061035156,190.61000061035156,195.3300018310547,109982300,217.57250061035157,212.95871670213032,16.447456801187855,-13.904936852283129,-10.706263601038211,-3.1986732512449176,217.57250061035157,257.26823532552055,177.8767658951826,9.157780359518892
2024-01-31,187.2899932861328,187.2899932861328,193.97000122070312,185.8500061035156,187.0,103221400,214.51600036621093,210.51407637679722,15.653057634013251,-14.189068771958972,-11.402824635222364,-2.7862441367366078,214.51600036621093,253.6202798563569,175.41172087606498,9.01940899387471
2024-02-01,188.86000061035156,188.86000061035156,189.8800048828125,184.27999877929688,188.5,91843300,212.0365005493164,208.45178344665953,19.439130044718766,-14.124737711403128,-11.947207250458517,-2.1775304609446113,212.0365005493164,251.0395313299345,173.0334697686983,8.5634886084935
2024-02-02,187.91000366210935,187.91000366210935,188.69000244140625,182.0,185.0399932861328,110505100,209.5355010986328,206.49542346717857,22.029612195791955,-13.989153443745892,-12.355596489115992,-1.6335569546298991,209.5355010986328,247.95804903011776,171.11295316714785,8.336356875407908
2024-02-05,181.05999755859375,181.05999755859375,184.67999267578125,175.00999450683594,184.2599945068359,134294400,206.7140007019043,204.07300195207526,18.264979964890614,-14.269945134679574,-12.73846621822871,-1.5314789164508635,206.7140007019043,244.77923721555175,168.64876418825685,8.944843846056642
2024-02-06,185.1000061035156,185.1000061035156,186.4900054931641,177.11000061035156,177.2100067138672,122676000,203.94650115966797,202.26604996649814,24.99589649082931,-14.005038283426643,-12.991780631268298,-1.0132576521583445,203.94650115966797,239.66008943884822,168.23291288048773,9.002865317624094
2024-02-07,187.5800018310547,187.5800018310547,189.7899932861328,182.67999267578125,188.17999267578125,111535200,201.57750091552734,200.86737871550352,29.648237609773204,-13.440054187702003,-13.08143534255504,-0.35861884514696385,201.57750091552734,234.8300223784771,168.32497945257757,8.750483356654424
2024-02-08,189.55999755859375,189.55999755859375,191.6199951171875,185.5800018310547,189.0,83034000,199.3585006713867,199.7904852719883,31.562647316819934,-12.686291442841082,-13.002406562612249,0.31611511977116713,199.3585006713867,229.27356645000373,169.4434348927697,8.389084680584876
2024-02-09,193.57000732421875,193.57000732421875,194.1199951171875,189.47999572753903,190.17999267578125,84476300,197.6760009765625,199.19805880077215,37.71576514118995,-11.631276644990322,-12.728180579087864,1.0969039340975417,197.6760009765625,224.63193128968913,170.72007066343588,7.889206641793355
2024-02-12,188.1300048828125,188.1300048828125,194.72999572753903,187.27999877929688,192.11000061035156,95498600,196.13800125122071,198.14395842763312,34.34193555283592,-11.106108247185347,-12.40376611270736,1.2976578655220141,196.13800125122071,221.4580112292582,170.81799127318322,7.8306453493198624
2024-02-13,184.02000427246097,184.02000427246097,187.2599945068359,182.11000061035156,183.9900054931641,86759500,194.34350128173827,196.79881993666436,32.966094886112586,-10.895949485660367,-12.102202787297962,1.2062533016375951,194.34350128173827,217.5704001592403,171.11660240423623,7.589226539072006
2024-02-14,188.7100067138672,188.7100067138672,188.88999938964844,183.3500061035156,185.3000030517578,81203000,193.00150146484376,196.02845677258844,56.15633794155991,-10.232993571924254,-11.72836094422322,1.4953673722989667,193.00150146484376,214.07067686906427,171.93232606062324,7.315995438680117
2024-02-15,200.4499969482422,200.4499969482422,200.8800048828125,188.86000061035156,189.16000366210935,120831800,192.43000106811525,196.4495558369364,64.21486992579187,-8.660444919138968,-11.114777739206371,2.4543328200674033,192.43000106811525,211.90264402451535,172.95735811171514,7.963195802715477
2024-02-16,199.9499969482422,199.9499969482422,203.1699981689453,197.3999938964844,202.05999755859375,111173600,191.81800079345703,196.7829311808703,58.45836501514861,-7.369582642237219,-10.36573871981254,2.9961560775753213,191.81800079345703,209.34827511593525,174.2877264709788,7.670770265348201
2024-02-20,193.7599945068359,193.7599945068359,198.6000061035156,189.1300048828125,196.1300048828125,104545800,191.06600036621094,196.4950324500099,51.84366812340293,-6.768028829252756,-9.646196741700585,2.8781679124478288,191.06600036621094,206.71879769940463,175.41320303301725,8.090666505359065
2024-02-21,194.77000427246097,194.77000427246097,199.44000244140625,191.9499969482422,193.36000061035156,103844000,190.34750061035157,196.33074405214808,56.73146796836854,-6.139026871061191,-8.944762767572707,2.805735896511516,190.34750061035157,203.64984050690688,177.04516071379626,8.010578370399731
2024-02-22,197.41000366210935,197.41000366210935,198.32000732421875,191.36000061035156,194.0,92739500,189.8265007019043,196.4335306816682,57.54900230511907,-5.365660406966924,-8.228942295451551,2.863281888484627,189.8265007019043,200.87029347401915,178.78270792978947,7.8705021495287255
2024-02-23,191.97000122070312,191.97000122070312,197.57000732421875,191.5,195.30999755859375,78841900,190.29350051879882,196.00843263776676,53.321331688287465,-5.13255969216803,-7.6096657747948475,2.4771060826268174,190.29350051879882,200.8344354627412,179.75256557485645,7.630436172820729
2024-02-26,199.3999938964844,199.3999938964844,201.77999877929688,192.0,192.2899932861328,111747100,191.10100021362305,196.33143847193034,64.8622307207588,-4.2987342498311705,-6.947479469802112,2.648745219970942,191.10100021362305,201.84250777248047,180.35949265476563,7.921044357590465
2024-02-27,199.72999572753903,199.72999572753903,205.6000061035156,198.2599945068359,204.0399932861328,108645400,191.54100036621094,196.6551105915121,62.614233693897525,-3.5701388512229073,-6.272011346086272,2.7018724948633643,191.54100036621094,202.95302767207366,180.12897306034822,7.843573322802362
2024-02-28,202.0399932861328,202.0399932861328,205.3000030517578,198.44000244140625,200.4199981689453,99806200,192.06350021362306,197.16795656242837,62.504314790203566,-2.7743433479101043,-5.572477746451039,2.7981343985409346,192.06350021362306,204.4041013612918,179.72289906595432,7.712430294475589
2024-02-29,201.8800048828125,201.8800048828125,205.27999877929688,198.4499969482422,204.17999267578125,85907000,192.79300079345703,197.6167230691316,61.00000653948104,-2.1320030017286626,-4.884382797506564,2.7523797957779017,192.79300079345703,205.65922379357482,179.92677779333923,7.594773166019469
2024-03-01,202.63999938964844,202.63999938964844,204.52000427246097,198.5,200.52000427246097,82099200,193.48200073242188,198.09513033775227,58.59715136404937,-1.5438222228163738,-4.216270682568527,2.672448459752153,193.48200073242188,206.9243847664886,180.03961669835516,7.384803980211669
2024-03-04,188.13999938964844,188.13999938964844,199.75,186.72000122070312,198.72999572753903,134334900,193.49350051879884,197.14702262840905,50.008084864664305,-2.2220985672832114,-3.817436259511464,1.5953376922282527,193.49350051879884,206.91619302898835,180.07080800860933,8.522829872042822
2024-03-05,180.7400054931641,180.7400054931641,184.58999633789065,177.57000732421875,183.0500030517578,119660800,193.47750091552734,195.58444956790953,47.480798763920426,-3.3185015005048797,-3.7176493077101473,0.39914780720526766,193.47750091552734,206.9632104850647,179.99179134598998,8.79578483116107
2024-03-06,176.5399932861328,176.5399932861328,181.5800018310547,173.6999969482422,179.99000549316406,107920900,193.04950027465821,193.77069182678792,40.581940731364014,-4.474732675521437,-3.8690659812724055,-0.6056666942490319,193.04950027465821,208.10650617483225,177.99249437448418,8.673680838047927
2024-03-07,178.64999389648438,178.64999389648438,180.0399932861328,173.6999969482422,174.35000610351562,102129000,192.60299987792968,192.3306253572352,30.17460463275522,-5.161298559674208,-4.127512496952766,-1.0337860627214415,192.60299987792968,208.82729546944967,176.3787042864097,8.36252290469362
2024-03-08,175.33999633789062,175.33999633789062,182.72999572753903,174.6999969482422,181.5,85315300,191.89199981689453,190.71247021253572,28.70738581980686,-5.9044334757538195,-4.482896692712977,-1.4215367830408425,191.89199981689453,209.83326599128702,173.95073364250203,8.318186354640718
2024-03-11,177.77000427246094,177.77000427246094,182.8699951171875,174.8000030517578,175.4499969482422,85391500,191.10199966430665,189.47985440871906,35.202673888915584,-6.225527908377501,-4.8314229358458824,-1.3941049725316184,191.10199966430665,210.09288914685644,172.11111018175686,8.285093782745914
2024-03-12,177.5399932861328,177.5399932861328,179.42999267578125,172.41000366210938,177.77000427246094,87391700,190.57249908447267,188.34272477799655,33.82158592833035,-6.424499888306798,-5.150038326338066,-1.2744615619687316,190.57249908447267,210.4806766827256,170.66432148621973,8.116413146869375
2024-03-13,169.47999572753906,169.47999572753906,176.0500030517578,169.14999389648438,173.0500030517578,106524500,189.84549865722656,186.5462743922387,26.197367644240046,-7.150138710437744,-5.550058403158002,-1.6000803072797423,189.84549865722656,211.7254664709886,167.9655308434645,8.15289131257325
2024-03-14,162.5,162.5,171.1699981689453,160.50999450683594,167.77000427246094,126325700,188.5349983215332,184.2561530215493,25.52731655618129,-8.19398486888602,-6.078843696303606,-2.1151411725824136,188.5349983215332,213.60803035129277,163.46196629177365,8.487172959178066
2024-03-15,163.57000732421875,163.57000732421875,165.17999267578125,160.75999450683594,163.16000366210938,96971900,186.69099884033204,182.2860439075178,16.731678262589384,-8.833077601135614,-6.629690477270008,-2.203387123865606,186.69099884033204,213.44286977745588,159.9391279032082,7.944882987147032
2024-03-18,173.8000030517578,173.8000030517578,174.72000122070312,165.89999389648438,170.02000427246094,108214400,185.3834991455078,181.47784954030257,29.662750842524545,-8.417061391998885,-6.987164660215783,-1.429896731783102,185.3834991455078,211.96241035872222,158.8045879322934,8.372231108392011
2024-03-19,171.32000732421875,171.32000732421875,172.82000732421875,167.4199981689453,172.36000061035156,77271400,184.26149978637696,180.51043599591364,25.969972745682156,-8.193036256074379,-7.228338979387503,-0.9646972766868762,184.26149978637696,211.243058605654,157.27994096709992,8.10660094498141
2024-03-20,175.66000366210938,175.66000366210938,176.25,170.82000732421875,173.0,83846700,183.30599975585938,180.04849005936086,30.748899507551187,-7.577939518568741,-7.298259087223751,-0.2796804313449899,183.30599975585938,210.07329683107636,156.5387026806424,7.749719842421389
2024-03-21,172.82000732421875,172.82000732421875,178.17999267578125,171.8000030517578,176.38999938964844,73178000,182.07649993896484,179.36006313220446,28.754639004008638,-7.236220249544857,-7.285851319687972,0.049631070143115075,182.07649993896484,208.37086047293892,155.78213940499077,7.567089146634996
2024-03-22,170.8300018310547,170.8300018310547,171.1999969482422,166.3000030517578,166.69000244140625,75454700,181.0194999694824,178.54767634161877,34.99220259391416,-7.044774306037283,-7.237635916957835,0.1928616109205521,181.0194999694824,207.3388984742482,154.70010146471662,7.4274778300784545
2024-03-25,172.6300048828125,172.6300048828125,175.24000549316406,168.72999572753906,168.75999450683594,74228600,179.68100051879884,177.98408858363723,42.21240916746006,-6.6709087301456975,-7.124290479595408,0.45338174944971055,179.68100051879884,204.7580836156457,154.603917421952,7.305148754817994
2024-03-26,177.6699981689453,177.6699981689453,184.25,177.3800048828125,178.5800018310547,113186200,178.57800064086913,177.95417521080944,51.067855608203004,-5.899921606776786,-6.879416705031685,0.9794950982548984,178.57800064086913,201.81515422154246,155.3408470601958,7.880461603133928
2024-03-27,179.8300018310547,179.8300018310547,181.91000366210935,176.0,181.41000366210935,81804000,177.46750106811524,178.13282536511852,51.1140556882344,-5.056328307937406,-6.514799025612829,1.4584707176754232,177.46750106811524,197.94225280157895,156.99274933465153,7.6177338776639845
2024-03-28,175.7899932861328,175.7899932861328,179.57000732421875,175.3000030517578,177.4499969482422,77654800,176.16300048828126,177.9096985004532,50.4190694727975,-4.660051296100448,-6.143849479710354,1.4837981836099052,176.16300048828126,193.1092479083066,159.2167530682559,7.20603586454837
2024-04-01,175.22000122070312,175.22000122070312,176.75,170.2100067138672,176.1699981689453,81562100,174.792000579834,177.6535368547627,47.54003187182029,-4.341941308614594,-5.783467845491202,1.4415265368766086,174.792000579834,186.27514744831552,163.30885371135247,7.117230187426296
2024-04-02,166.6300048828125,166.6300048828125,167.69000244140625,163.42999267578125,164.75,116650600,173.71650085449218,176.60367666695794,40.93704043313777,-4.728470897411967,-5.572468455875356,0.8439975584633892,173.71650085449218,183.89038644314246,163.5426152658419,7.74026730175904
2024-04-03,168.3800048828125,168.3800048828125,168.82000732421875,163.27999877929688,164.02000427246094,82950100,173.0985008239746,175.82046983037264,48.97922136548063,-4.837820621997793,-5.425538889099843,0.5877182671020504,173.0985008239746,182.97321967624322,163.223781971706,7.446899467514085
2024-04-04,171.11000061035156,171.11000061035156,177.19000244140625,168.00999450683594,170.07000732421875,123162000,172.82700119018554,175.37185371418016,58.67419142697532,-4.650584187245698,-5.270547948729014,0.6199637614833158,172.82700119018554,182.60139163464422,163.05261074572687,7.6779805964549155
2024-04-05,164.89999389648438,164.89999389648438,170.86000061035156,160.50999450683594,169.0800018310547,141250700,172.13950119018554,174.37453373154247,51.21415632558702,-4.946276015400883,-5.205693562063388,0.2594175466625046,172.13950119018554,182.12144215996983,162.15756022040125,8.067583997396344
2024-04-08,172.97999572753906,172.97999572753906,174.5,167.7899932861328,169.33999633789062,104423300,172.02150115966796,174.24172058830405,49.220821550446225,-4.477017033667408,-5.059958256384192,0.5829412227167836,172.02150115966796,181.89939485133087,162.14360746800506,8.271906944878916
2024-04-09,176.8800048828125,176.8800048828125,179.22000122070312,171.9199981689453,172.91000366210938,103232700,171.97700119018555,174.4929857592096,55.14433445543582,-3.7472320067185763,-4.79741300645107,1.0501809997324933,171.97700119018555,181.75335169231553,162.20065068805556,8.142319759129435
2024-04-10,171.75999450683594,171.75999450683594,174.92999267578125,170.00999450683594,173.0399932861328,84532400,171.6880012512207,174.23270087803115,46.4428971646554,-3.5411934884551783,-4.546169102851891,1.004975614396713,171.6880012512207,181.10713832158498,162.2688641808564,7.972678508042386
2024-04-11,174.60000610351562,174.60000610351562,175.8800048828125,168.50999450683594,172.5500030517578,94516000,171.94400177001953,174.26768232807729,51.62349284073253,-3.112858185938677,-4.259506919469248,1.1466487335305713,171.94400177001953,181.38873785358146,162.4992656864576,7.892322757100277
2024-04-12,171.0500030517578,171.0500030517578,173.80999755859375,170.36000061035156,172.33999633789062,64506600,172.37150192260742,173.96123668271352,50.195105607100786,-3.0249848084840494,-4.0126024972722085,0.9876176887881591,172.37150192260742,180.72764526855377,164.01535857666107,7.405347121908782
2024-04-15,161.47999572753906,161.47999572753906,170.69000244140625,161.3800048828125,170.24000549316406,100245300,172.26700134277343,172.772547067935,41.309429259798144,-3.685084771572832,-3.9470989521323334,0.2620141805595013,172.26700134277343,181.12386983764702,163.41013284789983,7.707300594846986
2024-04-16,157.11000061035156,157.11000061035156,158.19000244140625,153.75,156.74000549316406,97000000,171.43250122070313,171.28087597673658,33.80593563621993,-4.5088654383659446,-4.0594522493790555,-0.4494131889868891,171.43250122070313,182.54026366231633,160.32473877908993,7.710326612539263
2024-04-17,155.4499969482422,155.4499969482422,158.3300018310547,153.77999877929688,157.63999938964844,82439700,170.6390007019043,169.77317321211808,30.644657973669027,-5.2353165043309104,-4.2946251003694265,-0.940691403961484,170.6390007019043,183.8490547848849,157.4289466189237,7.288950137768404
2024-04-18,149.92999267578125,149.92999267578125,152.1999969482422,148.6999969482422,151.25,96098800,169.35250015258788,167.88334649437172,29.941059824786777,-6.1851538170145375,-4.672730843698449,-1.512422973316088,169.35250015258788,185.24325967595047,153.4617406292253,7.217090119399283
2024-04-19,147.0500030517578,147.0500030517578,150.94000244140625,146.22000122070312,148.97000122070312,86005100,168.06399993896486,165.89921854745612,28.905209307193743,-7.088585028389446,-5.155901680636648,-1.9326833477527972,168.06399993896486,186.7109991135263,149.4170007644034,6.884144932906462
2024-04-22,142.0500030517578,142.0500030517578,144.44000244140625,138.8000030517578,140.55999755859375,107097600,166.625,163.62786469072293,30.547652048620392,-8.114480307633158,-5.747617406035951,-2.366862901597208,166.625,188.53048163850275,144.71951836149725,7.066258941852268
2024-04-23,144.67999267578125,144.67999267578125,147.25999450683594,141.11000061035156,143.3300018310547,124545100,165.22749938964844,161.82330545120467,31.501715719785295,-8.615971963156909,-6.321288317460143,-2.2946836456967663,165.22749938964844,189.0060886148492,141.44891016444768,6.944090269136549
2024-04-24,162.1300048828125,162.1300048828125,167.97000122070312,157.50999450683594,162.83999633789062,181178000,164.45049972534179,161.85251492088162,44.300589839604605,-7.518667050392025,-6.56076406404652,-0.9579029863455055,164.45049972534179,187.5222656929271,141.37873375775646,9.123546039241258
2024-04-25,170.17999267578125,170.17999267578125,170.8800048828125,158.36000061035156,158.9600067138672,126427500,163.96799926757814,162.64560804039587,53.27461988366077,-5.93110814037766,-6.434832879312748,0.5037247389350883,163.96799926757814,186.0687122768624,141.86728625829386,9.576407137003882
2024-04-26,168.2899932861328,168.2899932861328,172.1199951171875,166.3699951171875,168.85000610351562,109815700,163.59299926757814,163.18316853998988,46.84938802906037,-4.770472385661691,-6.101960780582537,1.3314883949208465,163.59299926757814,185.09553174234895,142.09046679280732,9.066219518736698
2024-04-29,194.0500030517578,194.0500030517578,198.8699951171875,184.5399932861328,188.4199981689453,243869700,164.53449935913085,166.12286706492017,58.915772107371524,-1.7518484667812402,-5.231938317822278,3.480089851041038,164.53449935913085,189.54362714576703,139.52537157249466,11.934723827045763
2024-04-30,183.27999877929688,183.27999877929688,190.9499969482422,182.83999633789065,186.97999572753903,127031800,165.36699905395508,167.75687960914652,55.65038369246765,-0.2260112817945128,-4.230752910616725,4.004741628822212,165.36699905395508,191.7410681983306,138.99292990957957,11.83809487862195
2024-05-01,179.99000549316406,179.99000549316406,185.86000061035156,179.00999450683594,182.0,92829700,165.94749908447267,168.92193921714818,52.63209269546756,0.7095712224414115,-3.242688084005098,3.9522593064465092,165.94749908447267,193.10037716335364,138.7946210055917,11.17301637527444
2024-05-02,180.00999450683594,180.00999450683594,184.6000061035156,176.02000427246094,182.86000061035156,89148000,166.3924987792969,169.97794448283273,54.531657284398186,1.4360857414098689,-2.3069333189221046,3.7430190603319735,166.3924987792969,194.18578120801806,138.59921635057572,10.827281102711803
2024-05-03,181.19000244140625,181.19000244140625,184.77999877929688,178.4199981689453,182.1000061035156,75491500,167.20699920654297,171.0457595265064,60.89311914017799,2.0830583109786858,-1.4289349929419466,3.511993303920632,167.20699920654297,195.7604999732307,138.65349843985524,10.231643703730438
2024-05-06,184.7599945068359,184.7599945068359,187.55999755859375,182.1999969482422,183.8000030517578,84390300,167.7959991455078,172.35187714368064,65.41764200188815,2.8509927873876393,-0.5729494368760294,3.423942224263669,167.7959991455078,197.3203982089641,138.27160008205152,9.716757225524713
2024-05-07,177.80999755859375,177.80999755859375,183.2599945068359,177.39999389648438,182.3999938964844,75045900,167.84249877929688,172.87169813557713,61.773381537149845,2.8657451956842976,0.11478948963603601,2.7509557060482615,167.84249877929688,197.4299994294722,138.25499812912156,9.40252301016829
2024-05-08,174.72000122070312,174.72000122070312,176.05999755859375,170.14999389648438,171.58999633789062,79969500,167.99049911499023,173.04772700082722,63.39566467525632,2.598149851062942,0.6114615619214173,1.986688289141525,167.99049911499023,197.68990938738648,138.29108884259398,9.170187097093768
2024-05-09,171.97000122070312,171.97000122070312,175.6199951171875,171.3699951171875,175.00999450683594,65950300,167.8589988708496,172.9450864503392,63.48485061163153,2.139513614096785,0.917071972356491,1.2224416417402941,167.8589988708496,197.45830938238677,138.25968835931243,8.514162150814599
2024-05-10,168.47000122070312,168.47000122070312,173.05999755859375,167.75,173.0500030517578,72627200,167.72999877929686,172.51888785704054,64.53245565339947,1.4765990282788835,1.0289773835409695,0.447621644737914,167.72999877929686,197.29321957747575,138.16677798111797,8.086940205185153
2024-05-13,171.88999938964844,171.88999938964844,175.39999389648438,169.0,170.0,67018900,168.25049896240233,172.4589937172889,64.83804696126391,1.213214531177556,1.0658248130682868,0.14738971810926915,168.25049896240233,197.71680004270976,138.7841978820949,7.932680534597965
2024-05-14,177.5500030517578,177.5500030517578,179.49000549316406,174.07000732421875,174.5,86407400,169.27249908447266,172.94385174914308,59.64956338653541,1.444543612976645,1.1415685730499585,0.3029750399266864,169.27249908447266,198.52900231015587,140.01599585878944,7.888323943786987
2024-05-15,173.99000549316406,173.99000549316406,180.0,173.11000061035156,179.89999389648438,79663000,170.19949951171876,173.04348543904985,52.526199047403026,1.3253339018718577,1.1783216388143385,0.14701226305751924,170.19949951171876,198.77897637810008,141.62002264533743,7.755214003235181
2024-05-16,174.83999633789062,174.83999633789062,175.7899932861328,171.42999267578125,174.10000610351562,59812200,171.44499969482422,173.21458171512992,54.40366063311374,1.2846379972879447,1.19958491050906,0.08505308677888479,171.44499969482422,198.43190394422635,144.4580954454221,7.302518884184032
2024-05-17,177.4600067138672,177.4600067138672,179.6300048828125,172.75,173.5500030517578,77445800,172.9654998779297,173.61890790548586,33.808312841334725,1.4471176690190362,1.2490914622110552,0.198026206807981,172.9654998779297,197.47851591207103,148.45248384378834,7.246183684001161
2024-05-20,174.9499969482422,174.9499969482422,177.75,173.52000427246094,177.55999755859375,61727400,174.6104995727539,173.74567829051026,40.3071857663185,1.3576964884277913,1.2708124674544026,0.08688402097338876,174.6104995727539,194.3363447157259,154.8846544297819,6.844025289806215
2024-05-21,186.6000061035156,186.6000061035156,186.8800048828125,174.7100067138672,175.50999450683594,115266500,176.7065002441406,174.96989998698695,56.43873015250166,2.2015102939302267,1.4569520327495675,0.7445582611806592,176.7065002441406,191.2762326682545,162.13676782002673,7.554155007024761
2024-05-22,180.11000061035156,180.11000061035156,183.8000030517578,178.1199951171875,182.8500061035156,88313500,177.6055000305176,175.45943337968833,50.086510442763455,2.3198083039839332,1.6295232869964407,0.6902850169874926,177.6055000305176,190.5121431525664,164.69885690846877,7.677602470931872
2024-05-23,173.74000549316406,173.74000549316406,181.8999938964844,173.25999450683594,181.8000030517578,71975500,177.78350067138672,175.2956783428765,44.08636585287272,1.8779076095895846,1.6792001515150696,0.19870745807451495,177.78350067138672,190.35273653318114,165.2142648095923,7.805922060094085
2024-05-24,179.24000549316406,179.24000549316406,180.0800018310547,173.72999572753906,174.83999633789062,65479700,178.33100128173828,175.67132854766578,45.74862301914307,1.9490348990573807,1.7331671010235319,0.2158677980338488,178.33100128173828,190.08668625508784,166.57531630838872,7.611799932550291
2024-05-28,176.75,176.75,178.25,173.16000366210938,176.39999389648438,59736600,177.46600112915038,175.7740591621738,49.123389701153975,1.7839172671451706,1.7433171342478597,0.0406001328973109,177.46600112915038,186.60676761540896,168.32523464289181,7.40756018568421
2024-05-29,176.19000244140625,176.19000244140625,178.14999389648438,173.92999267578125,174.19000244140625,54782600,177.11150131225585,175.813672807815,51.26877320227937,1.5895498896948652,1.712563685337261,-0.12301379564239578,177.11150131225585,185.84367844916392,168.3793241753478,6.982552323686733
2024-05-30,178.7899932861328,178.7899932861328,182.6699981689453,175.3800048828125,178.5800018310547,77784800,177.0515007019043,176.09713190098813,55.90168778856152,1.6265599047795831,1.6953629292257255,-0.06880302444614239,177.0515007019043,185.71663235135674,168.38636905245187,7.023544452012877
2024-05-31,178.0800018310547,178.0800018310547,180.32000732421875,173.82000732421875,178.5,67314600,176.95500106811522,176.28597665623258,58.73795203707173,1.580382565141349,1.6723668564088503,-0.0919842912675013,176.95500106811522,185.5238588963029,168.38614323992755,6.953738525077827
2024-06-03,176.2899932861328,176.2899932861328,182.63999938964844,174.49000549316406,178.1300048828125,68568900,176.71000061035156,176.28635919241356,54.122931585398014,1.3834009756288594,1.6145736802528523,-0.23117270462399286,176.71000061035156,185.04605780672537,168.37394341397774,7.113239241265367
2024-06-04,174.77000427246094,174.77000427246094,177.75999450683594,174.0,174.77999877929688,60056300,176.21050109863282,176.14194443813236,47.17594604799853,1.0920527323204112,1.510069490666364,-0.41801675834595287,176.21050109863282,183.6663073746939,168.75469482257174,6.666139943341443
2024-06-05,175.0,175.0,176.14999389648438,172.1300048828125,175.35000610351562,57953800,176.07000122070312,176.0331878249769,51.10045164553191,0.8696906312719364,1.3819937187874787,-0.5123030875155423,176.07000122070312,183.50477151049859,168.63523093090765,6.313319819385502
2024-06-06,177.94000244140625,177.94000244140625,179.72999572753906,172.72999572753906,174.60000610351562,69887000,176.2310012817383,176.2147892170178,53.230518334394475,0.9200944148786618,1.2896138580057155,-0.36951944312705365,176.2310012817383,183.68212028165664,168.77988228181994,6.404877176800769
2024-06-07,177.47999572753906,177.47999572753906,179.35000610351562,175.5800018310547,176.1300048828125,56244900,176.5065010070801,176.3352850751627,50.0218125387131,0.9124034600184245,1.2141717784082573,-0.30176831838983276,176.5065010070801,183.69716662006266,169.31583539409752,6.053560789555458
2024-06-10,173.7899932861328,173.7899932861328,178.57000732421875,173.1699981689453,176.05999755859375,50869700,176.77250061035156,176.09287633335032,48.76595355094747,0.6016208537904504,1.091661593484696,-0.49004073969424566,176.77250061035156,183.04660631558218,170.49839490512093,5.966420571651189
2024-06-11,170.66000366210938,170.66000366210938,174.75,167.41000366210938,173.9199981689453,64761900,176.71100082397462,175.57545988847022,29.287928102833533,0.10158834780608572,0.8936469443489741,-0.7920585965428883,176.71100082397462,183.20681433730033,170.2151873106489,6.14956400714978
2024-06-12,177.2899932861328,177.2899932861328,180.5500030517578,169.8000030517578,171.1199951171875,90389400,176.69800033569337,175.7387487834857,46.349029118158136,0.2375553476229868,0.7624286250037766,-0.5248732773807898,176.69800033569337,183.18778169570606,170.20821897568067,6.762955472863143
2024-06-13,182.47000122070312,182.47000122070312,191.0800018310547,181.22999572753903,188.38999938964844,118984100,177.12200012207032,176.37982044417308,61.66176996352645,0.7545950220592204,0.7608619044148655,-0.006266882355645098,177.12200012207032,183.9652716811864,170.27872856295423,7.699895882470974
2024-06-14,178.00999450683594,178.00999450683594,186.0,176.9199981689453,185.8000030517578,82038200,177.28050003051757,176.53507511680763,48.30995943567195,0.7952997012428398,0.7677494637804604,0.02755023746237939,177.28050003051757,184.04764644128923,170.5133536197459,7.883910008948803
2024-06-17,187.44000244140625,187.44000244140625,188.80999755859375,177.0,177.9199981689453,109786100,177.77949981689454,177.57363962391227,62.33557091412606,1.5703789324066406,0.9282753575056966,0.642103574900944,177.77949981689454,185.93232994790517,169.6266696858839,8.407388348901463
2024-06-18,184.86000061035156,184.86000061035156,187.1999969482422,182.3699951171875,186.55999755859375,68982300,178.275,178.2675787654779,59.55898557800204,1.953926572209724,1.133405600446502,0.820520971763222,178.275,186.89496498115466,169.65503501884535,7.962404212277102
2024-06-20,181.57000732421875,181.57000732421875,185.2100067138672,179.66000366210938,184.67999267578125,55893100,178.02350006103515,178.58209577107226,53.01912949987688,1.9697102834498708,1.300666537047176,0.6690437464026948,178.02350006103515,185.88050276488812,170.16649735718218,7.640750724207863
2024-06-21,183.0099945068359,183.0099945068359,183.9499969482422,180.69000244140625,182.3000030517578,63029500,178.1684997558594,179.00380041257355,55.270465933122296,2.074500370545394,1.4554333037468197,0.6190670667985743,178.1684997558594,186.29021176951238,170.0467877422064,7.05664989522494
2024-06-24,182.5800018310547,182.5800018310547,188.8000030517578,182.5500030517578,184.97000122070312,61992100,178.6104995727539,179.34439102385747,56.92580077607841,2.0986584262354597,1.5840783282445479,0.5145800979909119,178.6104995727539,186.679452299653,170.54154684585478,6.949096575861614
2024-06-25,187.3500061035156,187.3500061035156,187.97000122070312,182.0099945068359,184.3999938964844,63678300,179.0159996032715,180.10683055525348,62.926433239959714,2.474182503838648,1.762099163363368,0.71208334047528,179.0159996032715,187.98327440163905,170.04872480490394,6.817217927595695
2024-06-26,196.3699951171875,196.3699951171875,197.7599945068359,186.36000061035156,186.5399932861328,95737100,179.99699935913085,181.65570337067578,68.598783227385,3.459743995885219,2.101628129867738,1.358115866017481,179.99699935913085,191.7733027545977,168.220695963664,7.428254723447515
2024-06-27,197.4199981689453,197.4199981689453,198.72000122070312,194.0500030517578,195.1699981689453,72746500,181.05849914550782,183.15706478003477,67.53059929215237,4.276241203231336,2.536550744540458,1.7396904586908786,181.05849914550782,195.01533715236283,167.10166113865282,7.060487182847222
2024-06-28,197.8800048828125,197.8800048828125,203.1999969482422,195.2599945068359,199.5500030517578,95438100,182.01299972534179,184.5592495517279,68.3585454052108,4.90391059125281,3.0100227138829285,1.8938878773698815,182.01299972534179,197.806828055345,166.21917139533858,7.1777558839884295
2024-07-01,209.86000061035156,209.86000061035156,213.22999572753903,200.8500061035156,201.02000427246097,135691400,183.60199966430665,186.96884489064445,78.2459053376388,6.295458510660154,3.667109873238374,2.62834863742178,183.60199966430665,203.5722532430215,163.6317460855918,8.267387212086843
2024-07-02,231.2599945068359,231.2599945068359,231.3000030517578,218.05999755859375,218.88999938964844,205047900,186.3504997253418,191.18704961599602,86.89722705072548,9.0210815103637,4.73790420066344,4.28317730970026,186.3504997253418,215.2280501624154,157.47294928826818,10.023735909329432
2024-07-03,246.38999938964844,246.38999938964844,248.3500061035156,234.25,234.55999755859375,166561500,189.93149948120117,196.44447340396292,88.12624686977597,12.260688734283292,6.242461107387411,6.018227626895881,189.93149948120117,228.7976634325545,151.06533552984786,10.965906000976133
2024-07-05,251.52000427246097,251.52000427246097,252.3699951171875,242.4600067138672,249.80999755859375,154501200,193.75749969482422,201.6897620581056,88.11969145468991,15.068350752401528,8.007639036390234,7.060711716011294,193.75749969482422,240.66766584554048,146.84733354410795,10.825116987955358
2024-07-08,252.94000244140625,252.94000244140625,259.44000244140625,244.57000732421875,247.7100067138672,157219600,197.50749969482422,206.57073733270568,92.80248031636762,17.20964306209774,9.848039841531737,7.361603220566003,197.50749969482422,250.66823497023194,144.3467644194165,11.364434071852978
2024-07-09,262.3299865722656,262.3299865722656,265.6099853515625,250.3000030517578,251.0,160210900,201.74999923706054,211.8811420221876,92.79918768580801,19.440231006776173,11.766478074580625,7.673752932195548,201.74999923706054,261.335728319492,142.1642701546291,11.890507168913206
2024-07-10,263.260009765625,263.260009765625,267.5899963378906,257.8599853515625,262.79998779296875,128519400,206.22350006103517,216.77436752156257,95.66637140974429,21.040491434621003,13.6212807465887,7.419210688032303,206.22350006103517,270.24020190123264,142.2067982208377,11.602441011235197
2024-07-11,241.02999877929688,241.02999877929688,271.0,239.6499938964844,263.29998779296875,221707300,209.74199981689452,219.0844276413468,78.37373169870024,20.2811448371898,14.953253564708922,5.327891272480878,209.74199981689452,273.26205766873056,146.22194196505848,14.235449690205916
2024-07-12,248.22999572753903,248.22999572753903,251.83999633789065,233.08999633789065,235.8000030517578,155955800,213.28899993896485,221.86019603050795,79.50063152663802,20.02944974006286,15.96849279977971,4.060956940283148,213.28899993896485,277.100990586085,149.47700929184472,14.837389731511795
2024-07-15,252.63999938964844,252.63999938964844,265.6000061035156,251.72999572753903,255.97000122070312,146912900,216.7974998474121,224.79160587423561,80.58853720308522,19.955792053079676,16.765952650439704,3.189839402639972,216.7974998474121,281.1883413958868,152.40665829893737,15.175072484107101
2024-07-16,256.55999755859375,256.55999755859375,258.6199951171875,245.8000030517578,255.30999755859375,126332500,220.725,227.81716698703164,80.44338140202576,19.983373012047707,17.409436722761306,2.573936289286401,220.725,284.73558754939427,156.71441245060575,14.86106176161678
2024-07-17,248.5,248.5,258.4700012207031,246.17999267578125,252.72999572753903,115584800,223.7779998779297,229.78696060731434,73.12571853435509,19.134288510701253,17.754407080349296,1.3798814303519578,223.7779998779297,286.92291451239373,160.63308524346564,14.518254666057459
2024-07-18,249.22999572753903,249.22999572753903,257.1400146484375,247.1999969482422,251.08999633789065,110869000,226.99649963378906,231.63867823781194,73.04919957553989,18.309230073259698,17.86537167893138,0.44385839432831986,226.99649963378906,288.32495061200154,165.66804865557657,13.907823070609172
2024-07-19,239.1999969482422,239.1999969482422,249.44000244140625,236.8300018310547,247.7899932861328,87403900,229.87799911499025,232.3588038292815,66.93997613593584,16.654050710268876,17.62310748519888,-0.969056774930003,229.87799911499025,287.5246507820988,172.23134744788175,13.734780075908159
2024-07-22,251.5099945068359,251.5099945068359,253.2100067138672,243.75,244.2100067138672,101225400,233.30299911499023,234.18272675095335,67.02918921670724,16.149462117610938,17.328378411681292,-1.1789162940703548,233.30299911499023,287.2456958036652,179.3603024263152,13.771477367870405
2024-07-23,246.3800048828125,246.3800048828125,255.7599945068359,245.6300048828125,253.6000061035156,111928200,236.4929992675781,235.34437228732088,57.13073465698023,15.160859778796038,16.89487468510424,-1.7340149063082038,236.4929992675781,285.08644176569754,187.89955676945868,13.285945668690806
2024-07-24,215.9900054931641,215.9900054931641,225.9900054931641,214.7100067138672,225.4199981689453,167942900,237.92499923706055,233.50109925930596,37.46702085980157,11.789267000450053,15.873753148173405,-4.084486147723352,237.92499923706055,281.8881634926395,193.96183498148164,15.737152668724741
2024-07-25,220.25,220.25,226.0,216.22999572753903,216.8000030517578,100636500,239.11899948120117,232.23908980603872,37.015195048553494,9.353183707414331,14.56963926002159,-5.216455552607259,239.11899948120117,279.47969845522675,198.7583005071756,14.973531580472898
2024-07-26,219.8000030517578,219.8000030517578,222.27999877929688,215.3300018310547,221.19000244140625,94604100,240.2379997253418,231.05441487705957,36.1269244198012,7.3020852602198545,13.116128460061244,-5.8140431998413895,240.2379997253418,276.7923782077449,203.68362124293873,13.903726962842137
2024-07-29,232.1000061035156,232.1000061035156,234.27000427246097,224.6999969482422,224.8999938964844,129201800,241.94899978637696,231.1539949938649,37.646105859948364,6.593081475119732,11.811519063072943,-5.218437587953211,241.94899978637696,272.93468093971336,210.96331863304056,13.979230197223607
2024-07-30,222.6199951171875,222.6199951171875,232.41000366210935,220.0,232.25,100560300,242.58699951171874,230.341233100848,34.47669345172939,5.206219154834287,10.490459081425213,-5.284239926590926,242.58699951171874,271.22741906884465,213.94657995459283,13.769999992541706
2024-07-31,232.07000732421875,232.07000732421875,234.67999267578125,226.7899932861328,227.8999938964844,67497000,242.62750015258788,230.50587826497855,46.20725032785987,4.814163106683395,9.35519988647685,-4.541036779793455,242.62750015258788,271.202693775147,214.05230653002877,13.541999668015313
2024-08-01,216.86000061035156,216.86000061035156,231.8699951171875,214.3300018310547,227.69000244140625,83861900,241.15100021362304,229.2062708692998,37.56442008135439,3.2388005606534307,8.131920021312167,-4.8931194606587365,241.15100021362304,271.8782540890622,210.4237463381839,14.101733778035147
2024-08-02,207.6699981689453,207.6699981689453,216.1300048828125,205.77999877929688,214.8800048828125,82880100,238.95849990844727,227.15519727878984,32.82407762481817,1.2345271396841326,6.752441444986561,-5.517914305302428,238.95849990844727,272.68214372083133,205.2348560960632,13.698836185104419
2024-08-05,198.8800048828125,198.8800048828125,203.8800048828125,182.0,185.22000122070312,100308800,236.25550003051757,224.46232181250627,28.75976093889311,-1.0510372800794414,5.19174569997336,-6.242782980052802,236.25550003051757,273.7192478565386,198.7917522044966,15.294991116283205
2024-08-06,200.63999938964844,200.63999938964844,202.8999938964844,192.6699981689453,200.75,73783900,233.1710006713867,222.19352920080553,31.518380371643644,-2.6893455995189015,3.6155274400749082,-6.30487303959381,233.1710006713867,271.73763805907794,194.60436328369548,14.61965839778399
2024-08-07,191.7599945068359,191.7599945068359,203.4900054931641,191.47999572753903,200.77000427246097,71159800,229.59599990844725,219.29509732518937,29.1215580971471,-4.650649138454895,1.9622921243689477,-6.612941262823843,229.59599990844725,269.6459465443453,189.54605327254922,14.271705246829466
2024-08-08,198.83999633789065,198.83999633789065,200.6999969482422,192.0399932861328,195.6999969482422,65033900,227.48649978637695,217.34699246925615,35.01633567249303,-5.56949764382253,0.45593417073065234,-6.0254318145531816,227.48649978637695,269.40167021292206,185.57132935983182,13.560811539439708
2024-08-09,200.0,200.0,200.8800048828125,195.11000061035156,197.0500030517578,58648300,225.075,215.6948979483746,29.150818160291493,-6.133387233172243,-0.8619301100499269,-5.271457123122317,225.075,267.5115671604141,182.6384328395859,12.522037237175873
2024-08-12,197.4900054931641,197.4900054931641,199.2599945068359,194.6699981689453,199.02000427246097,64044900,222.31750030517577,213.96109866692598,29.782486254661336,-6.705512402203283,-2.030646568480598,-4.674865833722684,222.31750030517577,264.3779136048528,180.25708700549876,11.563099183026381
2024-08-13,207.8300018310547,207.8300018310547,208.4900054931641,197.05999755859375,198.47000122070312,76247400,219.88100051879883,213.37718468255727,45.95478763720577,-6.2524995087952675,-2.875017156543532,-3.3774823522517354,219.88100051879883,259.1418839919008,180.62011704569687,11.545353683232243
2024-08-14,201.3800048828125,201.3800048828125,208.44000244140625,198.75,207.38999938964844,70250000,217.52500076293944,212.23459613020063,40.8442543598965,-6.3408509926368595,-3.5681839237621977,-2.7726670688746617,217.52500076293944,255.17702419048734,179.87297733539154,11.297973517655445
2024-08-15,214.13999938964844,214.13999938964844,215.8800048828125,204.82000732421875,205.02000427246097,89848500,215.77050094604493,212.41606310729088,47.546808736343344,-5.319920530797759,-3.9185312451693104,-1.4013892856284489,215.77050094604493,250.34655521040892,181.19444668168094,11.724910381968053
2024-08-16,216.1199951171875,216.1199951171875,219.8000030517578,210.8000030517578,211.1499938964844,88765100,214.6165008544922,212.76881853680484,42.39336934198076,-4.301471985213624,-3.9951193931781734,-0.3063525920354504,214.6165008544922,247.39386242382042,181.83913928516395,11.361588997705647
2024-08-19,222.72000122070312,222.72000122070312,222.97999572753903,214.08999633789065,217.07000732421875,76435200,213.17700119018554,213.71655022098562,50.048945820247994,-2.92802637588332,-3.7817007897192028,0.8536744138358827,213.17700119018554,241.33550727350132,185.01849510686975,11.032043716631346
2024-08-20,221.1000061035156,221.1000061035156,228.22000122070312,219.55999755859375,224.8800048828125,74001200,211.9130012512207,214.4197364955123,44.18530542655219,-1.9478275588231497,-3.4149261435399922,1.4670985847168425,211.9130012512207,235.7310067965158,188.09499570592558,10.71577170936175
2024-08-21,223.27000427246097,223.27000427246097,224.66000366210935,218.86000061035156,222.6699981689453,70146000,212.27700119018556,215.26261914093598,53.94267769389312,-0.9845627905687309,-2.92885347294574,1.9442906823770092,212.27700119018556,236.57502895794752,187.9789734224236,10.060335888347888
2024-08-22,210.66000366210935,210.66000366210935,224.8000030517578,210.32000732421875,223.82000732421875,79514500,211.79750137329103,214.82427480961917,51.76484850275227,-1.2245740573995079,-2.5879975898364935,1.3634235324369857,211.79750137329103,235.8098657241411,187.78513702244095,10.649623866906712
2024-08-23,220.32000732421875,220.32000732421875,221.47999572753903,214.2100067138672,214.4600067138672,81525200,211.82350158691406,215.3476779062477,62.52629458132819,-0.6280632300770321,-2.1960107178846013,1.5679474878075692,211.82350158691406,235.87344677782633,187.7735563960018,10.672339626709775
2024-08-26,213.2100067138672,213.2100067138672,219.08999633789065,211.0099945068359,218.75,59301200,210.87900161743164,215.14409017364002,56.91191484477414,-0.7207335624298707,-1.9009552867936552,1.1802217243637845,210.87900161743164,232.9808877465965,188.7771154882668,10.49069605213285
2024-08-27,209.2100067138672,209.2100067138672,215.66000366210935,206.94000244140625,213.25,62821400,210.20850219726563,214.57893936794738,60.13946233729571,-1.1042133548723712,-1.7416069004093986,0.6373935455370274,210.20850219726563,231.6133060648393,188.80369832969197,10.254603407942216
2024-08-28,205.75,205.75,211.83999633789065,202.58999633789065,209.72000122070312,64116400,208.8925018310547,213.73808799957143,54.19143775087315,-1.6680887893181762,-1.7269032781911542,0.05881448887297802,208.8925018310547,227.71914830015342,190.06585536195595,10.120656286883255
2024-08-29,206.27999877929688,206.27999877929688,214.88999938964844,205.97000122070312,209.8000030517578,62308800,208.36350173950194,213.02779378811672,53.83863063353457,-2.0485828733495453,-1.7912391972228325,-0.2573436761267127,208.36350173950194,226.83880386225985,189.88819961674403,9.989902033918613
2024-08-30,214.11000061035156,214.11000061035156,214.57000732421875,207.02999877929688,208.6300048828125,63370600,208.68550186157228,213.13086110452005,59.538565225371876,-1.698729569491121,-1.7727372716764904,0.07400770218536934,208.68550186157228,227.3335855277699,190.03741819537464,9.763249568719047
2024-09-03,210.6000061035156,210.6000061035156,219.8999938964844,209.63999938964844,215.2599945068359,76714200,209.27150192260743,212.88982729490058,51.72499969117529,-1.6852687984152794,-1.7552435770242483,0.06997477860896884,209.27150192260743,227.35008477381825,191.1929190713966,9.829482227134637
2024-09-04,219.41000366210935,219.41000366210935,222.22000122070312,210.57000732421875,210.58999633789065,80651800,210.21000213623046,213.51079647273,60.90744108334636,-0.9527254397823697,-1.5947399495758727,0.642014509793503,210.21000213623046,228.35060926695962,192.0693950055013,10.07221711638127
2024-09-05,230.1699981689453,230.1699981689453,235.0,222.25,223.4900054931641,119355000,212.13050231933593,215.09738711046478,59.93800371508497,0.4904089521679964,-1.177710169227099,1.6681191213950954,212.13050231933593,230.1793831397173,194.08162149895458,10.80792101258252
2024-09-06,210.72999572753903,210.72999572753903,233.6000061035156,210.5099945068359,232.6000061035156,112177000,212.72500228881836,214.68144507399566,47.2530836020198,0.06471166902926484,-0.9292258015758263,0.9939374706050912,212.72500228881836,229.68082870442026,195.76917587321645,12.445533090462144
2024-09-09,216.27000427246097,216.27000427246097,219.8699951171875,213.6699981689453,216.1999969482422,67443500,213.53850250244142,214.83273642623044,46.67697231044791,0.1723887052644386,-0.7089029002077734,0.881291605472212,213.53850250244142,229.45295101006406,197.62405399481878,12.004795263686987
2024-09-10,226.1699981689453,226.1699981689453,226.3999938964844,218.63999938964844,220.07000732421875,78891100,214.97250213623047,215.91247563982233,52.406717923332884,1.0445296147948682,-0.3582163972072451,1.4027460120021131,214.97250213623047,229.93845835415817,200.00654591830278,11.754821178398513
2024-09-11,228.1300048828125,228.1300048828125,228.47000122070312,216.8000030517578,224.5500030517578,83548600,215.98750228881835,217.07604985344045,52.311643897755076,1.8722812377292257,0.08788312978004909,1.7843981079491766,215.98750228881835,231.65109956286835,200.32390501476834,11.743511443804755
2024-09-12,229.80999755859375,229.80999755859375,231.4499969482422,223.8300018310547,224.66000366210935,72020000,217.40900192260742,218.28880677774077,60.16561917407169,2.6334845604582995,0.5970034159156992,2.0364811445426003,217.40900192260742,232.64520188237415,202.17280196284068,11.193709266922454
2024-09-13,230.2899932861328,230.2899932861328,232.6699981689453,226.32000732421875,228.0,59515100,218.21650161743165,219.43177692139716,55.864008120311276,3.2381479675231333,1.125232326237186,2.112915641285947,218.21650161743165,234.40529530202056,202.02770793284273,10.547880143963003
2024-09-16,226.77999877929688,226.77999877929688,229.9600067138672,223.52999877929688,229.3000030517578,54323000,218.7495018005371,220.13160757453048,58.3343532725993,3.3949855711736348,1.5791829752244757,1.815802595949159,218.7495018005371,235.34450615221053,202.15449744886368,10.042828725679394
2024-09-17,227.8699951171875,227.8699951171875,234.57000732421875,226.5500030517578,229.4499969482422,66761600,219.00700149536132,220.86859686430734,61.88534524231835,3.566126016131278,1.9765715834058364,1.5895544327254418,219.00700149536132,236.0160685240723,201.99793446665035,9.7731187985836
2024-09-18,227.1999969482422,227.1999969482422,235.67999267578125,226.8800048828125,230.08999633789065,78010200,219.31200103759767,221.4715873484916,64.16589862122657,3.606123650229165,2.3024819967705024,1.3036416534586626,219.31200103759767,236.69377447643149,201.93022759876385,9.643367997834954
2024-09-19,243.9199981689453,243.9199981689453,244.2400054931641,232.1300048828125,234.0,102694600,220.34450073242186,223.60953123615386,70.47878571225766,4.9301546728949575,2.8280165319953934,2.102138140899564,220.34450073242186,240.8828620068658,199.80613945797793,10.629586737446548
2024-09-20,238.25,238.25,243.9900054931641,235.9199981689453,241.52000427246097,99879100,221.7240005493164,225.0038615946154,63.44996998061108,5.459009270647215,3.354215079725758,2.104794190921457,221.7240005493164,243.20800867216815,200.23999242646465,10.288309482349513
2024-09-23,250.0,250.0,250.0,241.9199981689453,242.61000061035156,86927200,223.20800018310547,227.38444620465202,70.1061450043107,6.748465046428635,4.033065073066334,2.7153999733623007,223.20800018310547,248.11176537531065,198.30423499090028,10.483201551369579
2024-09-24,254.27000427246097,254.27000427246097,257.19000244140625,249.0500030517578,254.0800018310547,88491000,225.26100006103516,229.94497554444334,68.65368439221953,8.02244395749156,4.8309408499513795,3.191503107540181,225.26100006103516,253.27051076991273,197.2514893521576,10.170774596473427
2024-09-25,257.0199890136719,257.0199890136719,257.04998779296875,252.27999877929688,252.5399932861328,65034300,227.6514991760254,232.52354825579843,65.71461895258915,9.14852372235265,5.694457424431634,3.454066297921016,227.6514991760254,257.95953024546293,197.34346810658786,9.450669852099887
2024-09-26,254.22000122070312,254.22000122070312,261.75,251.52999877929688,260.6000061035156,67142200,230.07499923706055,234.5898771095989,81.61072033102208,9.703162418205267,6.49619842318636,3.2069639950189064,230.07499923706055,260.7583811049032,199.3916173692179,9.553247367913652
2024-09-27,260.4599914550781,260.4599914550781,260.70001220703125,254.1199951171875,257.3800048828125,70988100,232.78399887084962,237.05369752345405,81.79595805355753,10.52490805424273,7.3019403493976345,3.222967704845095,232.78399887084962,264.1804594776524,201.38753826404687,9.156816664170998
2024-09-30,261.6300048828125,261.6300048828125,264.8599853515625,255.77000427246097,259.0400085449219,80705700,235.15999908447264,239.39429822434533,79.18040464946327,11.142118292618477,8.069975938041804,3.0721423545766733,235.15999908447264,267.7748829003024,202.54511526864292,9.147905252828403
2024-10-01,258.0199890136719,258.0199890136719,263.9800109863281,248.52999877929688,262.6700134277344,87397600,237.53099822998047,241.16817353761454,73.9464805261485,11.210733386769249,8.698127427787293,2.512605958981956,237.53099822998047,269.5167638647414,205.54523259521952,9.98818618005545
2024-10-02,249.02000427246097,249.02000427246097,251.16000366210935,241.5,247.5500030517578,93983900,239.01149826049806,241.91596694093323,63.77457070000306,10.418786505260641,9.042259243281963,1.3765272619786781,239.01149826049806,270.1967273021517,207.82626921884437,10.859093224537641
2024-10-03,240.66000366210935,240.66000366210935,249.7899932861328,237.80999755859375,244.47999572753903,80729200,239.53599853515624,241.79635139056904,56.680849357099625,9.01268805646933,9.036345005919436,-0.02365694945010688,239.53599853515624,270.44675755369315,208.62523951661933,11.008546891604498
2024-10-04,250.0800018310547,250.0800018310547,250.9600067138672,244.5800018310547,246.69000244140625,86573200,241.50349884033204,242.58527048013912,63.9487609994583,8.559788122244186,8.941033629184387,-0.38124550694020165,241.50349884033204,269.57286936734835,213.43412831331574,10.914074379624944
2024-10-07,240.8300018310547,240.8300018310547,249.8300018310547,240.6999969482422,249.0,68113300,242.73149871826172,242.41810203736918,57.06806822983856,7.369512810560735,8.626729465459658,-1.2572166548989223,242.73149871826172,268.1792370918889,217.28376034463452,10.709531780049952
2024-10-08,244.5,244.5,246.2100067138672,240.55999755859375,243.55999755859375,56303200,243.64799880981445,242.6163780338102,59.136040968601336,6.64574126291194,8.230531824950114,-1.5847905620381741,243.64799880981445,267.87536455736677,219.42063306226214,10.034928763413083
2024-10-09,241.0500030517578,241.0500030517578,247.42999267578125,239.5099945068359,243.82000732421875,66289500,244.29399871826172,242.46719946409092,48.2373197003196,5.727735407624664,7.729972541485025,-2.002237133860361,244.29399871826172,267.44421786633467,221.14377957018874,9.75293801748405
2024-10-10,238.77000427246097,238.77000427246097,242.7899932861328,232.33999633789065,241.80999755859375,83087100,244.74199905395508,242.11508563631665,50.3332507353147,4.761346468437154,7.136247326875451,-2.3749008584382976,244.74199905395508,267.04325797709976,222.44074013081038,9.845879208251798
2024-10-11,217.8000030517578,217.8000030517578,223.33999633789065,214.3800048828125,220.1300048828125,142628900,244.11749954223632,239.79936348540627,31.54515922473996,2.2771231683516646,6.164422495170694,-3.8872993268190292,244.11749954223632,268.70506548611996,219.5299335983527,11.785095232438021
2024-10-14,219.16000366210935,219.16000366210935,221.91000366210935,213.7400054931641,220.1300048828125,86291900,243.73649978637695,237.8337101689018,29.182964215748058,0.4133343275907748,5.014204861654711,-4.600870534063936,243.73649978637695,269.6553583832619,217.817641189492,11.303082290638987
2024-10-15,219.57000732421875,219.57000732421875,224.2599945068359,217.1199951171875,220.0099945068359,62988800,243.3215003967285,236.0943098979796,27.16185745211135,-1.0189026125247267,3.8075833668188235,-4.82648597934355,243.3215003967285,270.54307947124494,216.09992132221208,10.74800457050691
2024-10-16,221.3300018310547,221.3300018310547,222.82000732421875,218.92999267578125,221.3999938964844,49632800,243.02800064086915,234.68818532017724,29.684990346153057,-1.989015723323206,2.6482635487904176,-4.637279272113624,243.02800064086915,271.09490768856466,214.96109359317364,9.833605914230988
2024-10-17,220.88999938964844,220.88999938964844,222.0800018310547,217.8999938964844,221.58999633789065,50791800,241.8765007019043,233.37407237441258,23.672663177145495,-2.7615089168720885,1.5663090556579164,-4.3278179725300046,241.8765007019043,271.6284398193684,212.1245615844402,9.079792850276228
2024-10-18,220.6999969482422,220.6999969482422,222.27999877929688,219.22999572753903,220.7100067138672,49611900,240.9990005493164,232.16701757192016,22.407975633665643,-3.350425329743416,0.58296217857765,-3.933387508321066,240.9990005493164,272.2011853900451,209.79681570858773,8.275820877140443
2024-10-21,218.8500061035156,218.8500061035156,220.47999572753903,215.72999572753903,218.8999938964844,47329000,239.44150085449218,230.89873076540545,22.952632621495084,-3.921223209723422,-0.31787489908256444,-3.6033483106408575,239.44150085449218,271.83880895360693,207.04419275537742,7.835044922948805
2024-10-22,217.97000122070312,217.97000122070312,218.22000122070312,215.2599945068359,217.30999755859375,43268700,237.6265007019043,229.6674231897195,25.85160499740229,-4.393943041274298,-1.1330885275209113,-3.2608545137533866,237.6265007019043,270.5883214843818,204.66467991942676,7.269040479446256
2024-10-23,213.6499938964844,213.6499938964844,218.72000122070312,212.11000061035156,217.1300048828125,80938900,235.45800094604493,228.14195373322093,27.585054136410832,-5.058850125574935,-1.918240847131716,-3.140609278443219,235.45800094604493,268.75255686273374,202.1634450293561,7.181168496900297
2024-10-24,260.4800109863281,260.4800109863281,262.1199951171875,242.6499938964844,244.67999267578125,204491900,235.77100143432617,231.22176870970733,55.32459919124996,-1.7864101516853168,-1.8918747080424363,0.10546455635711949,235.77100143432617,269.91507497745005,201.6269278912023,12.686346193407337
2024-10-25,269.19000244140625,269.19000244140625,269.489990234375,255.32000732421875,256.010009765625,161611900,236.20750198364257,234.83779096986913,64.60049298829496,1.4926394043505127,-1.2149718855638465,2.707611289914359,236.20750198364257,271.8699755423231,200.54502842496203,12.884164422307192
2024-10-28,262.510009765625,262.510009765625,273.5400085449219,262.239990234375,270.0,107653600,236.2515022277832,237.47324037898875,58.99331313660829,3.511808280050161,-0.26961585244104497,3.781424132491206,236.2515022277832,272.0479637937869,200.4550406617795,12.67294494073915
2024-10-29,259.5199890136719,259.5199890136719,264.9800109863281,255.5099945068359,264.510009765625,80521800,236.3265022277832,239.57293072514904,59.26556669307522,4.815237415783827,0.7473548012039294,4.067882614579897,236.3265022277832,272.32074035857875,200.33226409698767,12.245887812572892
2024-10-30,257.54998779296875,257.54998779296875,263.3500061035156,255.82000732421875,258.0400085449219,53993600,236.75300140380858,241.28503139827473,59.45047183828268,5.624416984114106,1.7227672377859646,3.9016497463281414,236.75300140380858,273.57319870126554,199.93280410635163,11.61710260813609
2024-10-31,249.8500061035156,249.8500061035156,259.75,249.25,257.989990234375,66575300,237.2125015258789,242.10074327496434,68.61424017568253,5.580050106762798,2.4942238115813313,3.0858262951814663,237.2125015258789,274.46483305609536,199.96016999566245,11.468155593717945
2024-11-01,248.97999572753903,248.97999572753903,254.0,246.6300048828125,252.0399932861328,57544800,237.15750122070312,242.75591017520955,67.41821531750307,5.412296881047695,3.0778384254746043,2.3344584555730905,237.15750122070312,274.33301049364565,199.9819919477606,10.92173419684722
2024-11-04,242.83999633789065,242.83999633789065,248.8999938964844,238.8800048828125,244.55999755859375,68802400,237.25800094604492,242.76391838117917,62.73950764225776,4.729387173053368,3.408148174990357,1.321238998063011,237.25800094604492,274.4861434197887,200.02985847230119,10.812168416564463
2024-11-05,251.44000244140625,251.44000244140625,255.27999877929688,246.2100067138672,247.33999633789065,69282500,237.60500106811523,243.5902121012008,65.33563808283017,4.826488177349063,3.6918161754620984,1.1346720018869645,237.60500106811523,275.24446453159385,199.96553760463658,11.029212953210031
2024-11-06,288.5299987792969,288.5299987792969,289.5899963378906,275.6199951171875,284.6700134277344,165228700,239.9790008544922,247.870191784829,75.08529448880748,7.806307895106471,4.5147145193909735,3.2915933757154976,239.9790008544922,283.9843440710663,195.9736576379181,14.645317078979945
2024-11-07,296.9100036621094,296.9100036621094,299.75,285.5199890136719,288.8900146484375,117309200,242.8860008239746,252.5406500588557,76.64498754575317,10.72045412736179,5.755862440985137,4.964591686376654,242.8860008239746,293.70849487332964,192.06350677461955,14.589942933293036
2024-11-08,321.2200012207031,321.2200012207031,328.7099914550781,297.6600036621094,299.1400146484375,204782800,248.05700073242187,259.08154064569834,80.93309224691001,14.820705776938382,7.568831108175786,7.251874668762596,248.05700073242187,308.30389899632166,187.8101024685221,16.884615581249797
2024-11-11,350.0,350.0,358.6400146484375,336.0,346.29998779296875,210521600,254.5990005493164,267.7404415365842,84.13921013504782,20.160097077069793,10.087084301954587,10.073012775115206,254.5990005493164,328.50136144373346,180.69663965489934,19.62266862744774
2024-11-12,328.489990234375,328.489990234375,345.8399963378906,323.30999755859375,342.739990234375,155726000,260.04499969482424,273.5261128411357,77.27013227229108,22.397737948267434,12.549215031217157,9.848522917050277,260.04499969482424,338.96144431399057,181.1285550756579,20.56497980264221
2024-11-13,330.239990234375,330.239990234375,344.6000061035156,322.5,335.8500061035156,125405600,265.49049911499026,278.9274344976347,71.07806823079387,24.03523164566417,14.84641835410656,9.188813291557608,265.49049911499026,348.10245340143615,182.87854482854436,20.769649976091998
2024-11-14,311.17999267578125,311.17999267578125,329.9800109863281,310.3699951171875,327.69000244140625,120726100,270.0049987792969,281.9991067050772,61.94050678301402,23.523806883729264,16.581896060031102,6.941910823698162,270.0049987792969,352.2219163738798,187.788081184714,20.649695994904732
2024-11-15,320.7200012207031,320.7200012207031,324.67999267578125,309.2200012207031,310.57000732421875,114440300,275.0059989929199,285.68681094466064,66.28797938283424,23.61606671903064,17.98873019183101,5.627336527199631,275.0059989929199,356.7617720238094,193.25022596203044,19.957735389594518
2024-11-18,338.739990234375,338.739990234375,348.54998779296875,330.010009765625,340.7300109863281,126547500,281.00049819946287,290.7394946865382,70.44703714678606,24.85671310140833,19.362326773746474,5.494386327661857,281.00049819946287,363.0003392787032,199.00065712022254,21.00736888061733
2024-11-19,346.0,346.0,347.3800048828125,332.75,335.760009765625,88852500,287.40199813842776,296.0023999544869,72.22250335829823,26.124608190256595,20.7147830570485,5.409825133208095,287.40199813842776,368.67008452236087,206.13391175449465,20.15705368091002
2024-11-20,342.0299987792969,342.0299987792969,346.6000061035156,334.29998779296875,345.0,66340700,293.82099838256835,300.385980794945,73.60200195782551,26.503561701631384,21.872538785965077,4.631022915666307,293.82099838256835,370.724455149766,216.91754161537068,19.109448964861603
2024-11-21,339.6400146484375,339.6400146484375,347.989990234375,335.2799987792969,343.80999755859375,58011700,297.7789985656738,304.1244602095633,73.0335410353259,26.307773704929048,22.759585769757873,3.5481879351711747,297.7789985656738,375.6001408695918,219.9578562617558,18.25618796355714
2024-11-22,352.55999755859375,352.55999755859375,361.5299987792969,337.70001220703125,341.0899963378906,89140700,301.9474983215332,308.73736852851863,76.9476393696871,26.88522876923537,23.584714369653373,3.3005143995819957,301.9474983215332,382.21378900715774,221.68120763590866,18.99936111138494
2024-11-25,338.5899963378906,338.5899963378906,361.9299926757813,338.20001220703125,360.1400146484375,95890900,305.75149765014646,311.580475938935,70.85427172374892,25.916850402932255,24.05114157630915,1.8657088266231057,305.75149765014646,385.3566636904933,226.1463316097996,19.630110359033623
2024-11-26,338.2300109863281,338.2300109863281,346.9599914550781,335.6600036621094,341.0,62295900,309.6869987487793,314.11852689582963,64.42922444015066,24.834083900969745,24.20773004124127,0.626353859728475,309.6869987487793,387.4293596816851,231.94463781587342,18.519427350224973
2024-11-27,332.8900146484375,332.8900146484375,342.54998779296875,326.5899963378906,341.79998779296875,57896400,313.45400009155276,315.9062876341732,60.633650264291525,23.27677045052957,24.02153812309893,-0.7447676725693633,313.45400009155276,387.7857044548286,239.12229572827692,18.17816923087206
2024-11-29,345.1600036621094,345.1600036621094,345.45001220703125,334.6499938964844,336.0799865722656,37167600,318.2194999694824,318.69235582731,57.61741425109561,22.770193275913186,23.771269153661784,-1.0010758777485975,318.2194999694824,387.4260004685643,249.01299947040044,17.429079674568285
2024-12-02,357.0899963378906,357.0899963378906,360.0,351.1499938964844,352.3800048828125,77986500,323.625,322.3492739711748,52.526908186845354,23.065493272490755,23.63011397742758,-0.564620704936825,323.625,386.6750745981822,260.5749254018178,17.083868563011265
2024-12-03,351.4200134277344,351.4200134277344,355.69000244140625,348.20001220703125,351.79998779296875,58267200,329.0540008544922,325.1179158241805,59.21255034667942,22.581692715466488,23.420429725035362,-0.8387370095688738,329.0540008544922,380.4341045332141,277.67389717577026,15.991350638724347
2024-12-04,357.92999267578125,357.92999267578125,358.1000061035156,348.6000061035156,353.0,50810900,334.3785003662109,328.24287552433293,60.71512417482493,22.464620051368968,23.229267790302085,-0.7646477389331174,334.3785003662109,372.1659412195527,296.59105951286915,15.125837220227767
2024-12-05,369.489990234375,369.489990234375,375.4299926757813,359.5,359.8699951171875,81403600,338.42649993896487,332.17117216338454,73.95450066320812,23.03905443543829,23.191225119329328,-0.15217068389103972,338.42649993896487,372.71777970154693,304.1352201763828,15.44239225753074
2024-12-06,389.2200012207031,389.2200012207031,389.489990234375,370.7999877929687,377.4200134277344,81455800,343.04199981689453,337.6043939783673,75.9666606202176,24.80046054795821,23.513072205055106,1.2873883429031032,343.04199981689453,378.6296673991161,307.45433223467296,16.050073289859974
2024-12-09,389.7900085449219,389.7900085449219,404.7999877929687,378.010009765625,397.6099853515625,96359200,346.47050018310546,342.5744525085153,72.30233888267456,25.94332392069117,23.99912254818232,1.94420137250885,346.47050018310546,386.1796382029067,306.7613621633042,17.482060588191136
2024-12-10,400.989990234375,400.989990234375,409.7300109863281,390.8500061035156,392.6799926757813,97563600,349.0199996948242,348.1378370538353,73.22410682064236,27.43652511477518,24.686603061500893,2.749922053274286,349.0199996948242,395.63102791798667,302.40897147166174,17.80978616861982
2024-12-11,424.7699890136719,424.7699890136719,424.8800048828125,402.3800048828125,409.7000122070313,102821800,353.83399963378906,355.4361372404864,79.93489725372493,30.19072509692421,25.78742746858556,4.4032976283386525,353.83399963378906,410.35205535557066,297.31594391200747,18.620483299262176
